country,llm_overall_happiness,llm_overall_explicit,llm_overall_calculated,llm_life_evaluation,llm_gdp,llm_social_support,llm_health,llm_freedom,llm_generosity,llm_corruption,real_life_evaluation,real_gdp,real_social_support,real_health,real_freedom,real_generosity,real_corruption,real_overall_happiness,diff_overall_happiness,abs_diff_overall_happiness,diff_life_evaluation,abs_diff_life_evaluation,diff_gdp,abs_diff_gdp,diff_social_support,abs_diff_social_support,diff_health,abs_diff_health,diff_freedom,abs_diff_freedom,diff_generosity,abs_diff_generosity,diff_corruption,abs_diff_corruption
Afghanistan,3.525,3.525,3.828333333333333,3.525,3.4200000000000004,6.459999999999999,5.3950000000000005,2.81,3.05,1.8350000000000002,1.364,0.649,0.0,0.155,0.0,0.075,0.135,1.364,2.1609999999999996,2.1609999999999996,2.1609999999999996,2.1609999999999996,2.7710000000000004,2.7710000000000004,6.459999999999999,6.459999999999999,5.24,5.24,2.81,2.81,2.9749999999999996,2.9749999999999996,1.7000000000000002,1.7000000000000002
Albania,5.6049999999999995,5.6049999999999995,5.051666666666667,5.6049999999999995,4.835,7.255,6.225,6.1049999999999995,3.25,2.6399999999999997,5.411,1.371,1.122,0.696,0.841,0.103,0.057,5.411,0.19399999999999995,0.19399999999999995,0.19399999999999995,0.19399999999999995,3.464,3.464,6.133,6.133,5.529,5.529,5.263999999999999,5.263999999999999,3.147,3.147,2.5829999999999997,2.5829999999999997
Algeria,5.295,5.295,4.806666666666667,5.295,4.59,7.135,6.04,5.165,3.2350000000000003,2.675,5.571,1.315,1.363,0.782,0.522,0.057,0.219,5.571,-0.2759999999999998,0.2759999999999998,-0.2759999999999998,0.2759999999999998,3.275,3.275,5.772,5.772,5.258,5.258,4.643,4.643,3.1780000000000004,3.1780000000000004,2.456,2.456
Argentina,5.3100000000000005,5.3100000000000005,4.880833333333333,5.3100000000000005,3.9,7.385,6.3149999999999995,6.125,3.12,2.44,6.397,1.504,1.622,0.579,0.824,0.048,0.083,6.397,-1.0869999999999997,1.0869999999999997,-1.0869999999999997,1.0869999999999997,2.396,2.396,5.763,5.763,5.736,5.736,5.301,5.301,3.072,3.072,2.3569999999999998,2.3569999999999998
Armenia,5.575,5.575,5.1575,5.575,4.779999999999999,7.255,6.085,6.029999999999999,3.275,3.5200000000000005,5.494,1.391,1.349,0.828,0.786,0.032,0.158,5.494,0.0810000000000004,0.0810000000000004,0.0810000000000004,0.0810000000000004,3.3889999999999993,3.3889999999999993,5.906,5.906,5.257,5.257,5.244,5.244,3.243,3.243,3.3620000000000005,3.3620000000000005
Australia,6.56,6.56,6.248333333333333,6.56,5.8549999999999995,7.625,6.654999999999999,6.935,3.96,6.459999999999999,6.974,1.767,1.647,0.841,0.857,0.164,0.285,6.974,-0.4140000000000006,0.4140000000000006,-0.4140000000000006,0.4140000000000006,4.087999999999999,4.087999999999999,5.978,5.978,5.813999999999999,5.813999999999999,6.077999999999999,6.077999999999999,3.796,3.796,6.174999999999999,6.174999999999999
Austria,6.65,6.65,6.264166666666666,6.65,6.15,7.705,6.695,6.904999999999999,3.8549999999999995,6.275,6.81,1.791,1.592,0.814,0.856,0.179,0.28,6.81,-0.15999999999999925,0.15999999999999925,-0.15999999999999925,0.15999999999999925,4.359,4.359,6.1129999999999995,6.1129999999999995,5.881,5.881,6.0489999999999995,6.0489999999999995,3.6759999999999997,3.6759999999999997,5.995,5.995
Azerbaijan,5.555,5.555,4.871666666666667,5.555,5.01,7.159999999999999,6.0649999999999995,5.175,3.255,2.565,4.875,1.428,1.03,0.707,0.785,0.076,0.179,4.875,0.6799999999999997,0.6799999999999997,0.6799999999999997,0.6799999999999997,3.582,3.582,6.129999999999999,6.129999999999999,5.358,5.358,4.39,4.39,3.179,3.179,2.386,2.386
Bahrain,6.335,6.335,5.755833333333333,6.335,6.130000000000001,7.545,6.425,6.11,4.1,4.225,6.03,1.752,1.391,0.609,0.907,0.148,0.167,6.03,0.3049999999999997,0.3049999999999997,0.3049999999999997,0.3049999999999997,4.378000000000001,4.378000000000001,6.154,6.154,5.816,5.816,5.203,5.203,3.9519999999999995,3.9519999999999995,4.058,4.058
Bangladesh,5.3100000000000005,5.3100000000000005,4.753333333333333,5.3100000000000005,4.62,6.984999999999999,5.805,5.37,3.3649999999999998,2.375,3.851,1.116,0.286,0.592,0.92,0.11,0.132,3.851,1.4590000000000005,1.4590000000000005,1.4590000000000005,1.4590000000000005,3.504,3.504,6.699,6.699,5.213,5.213,4.45,4.45,3.255,3.255,2.243,2.243
Belgium,6.595000000000001,6.595000000000001,6.204166666666667,6.595000000000001,6.08,7.665000000000001,6.609999999999999,6.859999999999999,3.8200000000000003,6.1899999999999995,6.91,1.783,1.646,0.852,0.895,0.119,0.306,6.91,-0.3149999999999995,0.3149999999999995,-0.3149999999999995,0.3149999999999995,4.297000000000001,4.297000000000001,6.019000000000001,6.019000000000001,5.757999999999999,5.757999999999999,5.965,5.965,3.7010000000000005,3.7010000000000005,5.8839999999999995,5.8839999999999995
Belize,5.83,5.83,5.331666666666666,5.83,5.025,7.3,6.285,6.335,3.71,3.335,6.711,1.256,1.54,0.525,1.018,0.072,0.082,6.711,-0.8810000000000002,0.8810000000000002,-0.8810000000000002,0.8810000000000002,3.769,3.769,5.76,5.76,5.76,5.76,5.317,5.317,3.638,3.638,3.253,3.253
Benin,5.255,5.255,4.967499999999999,5.255,4.46,7.045,5.945,5.904999999999999,3.415,3.035,4.357,0.855,0.228,0.357,0.679,0.092,0.238,4.357,0.8979999999999997,0.8979999999999997,0.8979999999999997,0.8979999999999997,3.605,3.605,6.817,6.817,5.588,5.588,5.225999999999999,5.225999999999999,3.323,3.323,2.797,2.797
Bolivia,5.555,5.555,5.0458333333333325,5.555,4.89,7.295,6.09,6.07,3.35,2.58,5.868,1.173,1.356,0.346,0.817,0.067,0.052,5.868,-0.3130000000000006,0.3130000000000006,-0.3130000000000006,0.3130000000000006,3.7169999999999996,3.7169999999999996,5.939,5.939,5.744,5.744,5.253,5.253,3.283,3.283,2.528,2.528
Bosnia and Herzegovina,5.41,5.41,4.904999999999999,5.41,4.68,7.225,6.14,5.8549999999999995,3.2700000000000005,2.26,6.136,1.405,1.545,0.616,0.749,0.178,0.009,6.136,-0.726,0.726,-0.726,0.726,3.2749999999999995,3.2749999999999995,5.68,5.68,5.524,5.524,5.106,5.106,3.0920000000000005,3.0920000000000005,2.251,2.251
Botswana,5.8,5.8,5.670833333333333,5.8,5.279999999999999,7.2299999999999995,6.195,6.3950000000000005,3.585,5.34,3.438,1.388,1.146,0.094,0.697,0.018,0.083,3.438,2.3619999999999997,2.3619999999999997,2.3619999999999997,2.3619999999999997,3.8919999999999995,3.8919999999999995,6.084,6.084,6.101,6.101,5.698,5.698,3.567,3.567,5.257,5.257
Brazil,5.85,5.85,5.210833333333333,5.85,5.21,7.415000000000001,6.26,6.2700000000000005,3.3549999999999995,2.755,6.494,1.391,1.519,0.48,0.83,0.089,0.127,6.494,-0.6440000000000001,0.6440000000000001,-0.6440000000000001,0.6440000000000001,3.819,3.819,5.896000000000001,5.896000000000001,5.779999999999999,5.779999999999999,5.44,5.44,3.2659999999999996,3.2659999999999996,2.628,2.628
Bulgaria,5.58,5.58,5.05,5.58,4.965,7.205,6.075,6.13,3.2649999999999997,2.6599999999999997,5.554,1.573,1.725,0.463,0.708,0.055,0.0,5.554,0.0259999999999998,0.0259999999999998,0.0259999999999998,0.0259999999999998,3.392,3.392,5.48,5.48,5.612,5.612,5.422,5.422,3.2099999999999995,3.2099999999999995,2.6599999999999997,2.6599999999999997
Burkina Faso,4.59,4.59,4.5633333333333335,4.59,3.915,6.885,5.74,4.91,3.435,2.495,4.383,0.724,0.828,0.296,0.671,0.142,0.218,4.383,0.20699999999999985,0.20699999999999985,0.20699999999999985,0.20699999999999985,3.191,3.191,6.0569999999999995,6.0569999999999995,5.444,5.444,4.239,4.239,3.293,3.293,2.277,2.277
Cambodia,5.529999999999999,5.529999999999999,4.911666666666667,5.529999999999999,4.9,7.109999999999999,6.005,5.585,3.405,2.465,4.341,1.049,1.215,0.481,0.988,0.138,0.078,4.341,1.1889999999999992,1.1889999999999992,1.1889999999999992,1.1889999999999992,3.8510000000000004,3.8510000000000004,5.895,5.895,5.524,5.524,4.5969999999999995,4.5969999999999995,3.267,3.267,2.387,2.387
Cameroon,5.05,5.05,4.6875,5.05,4.335,6.93,5.87,5.455,3.335,2.2,4.887,0.944,0.986,0.302,0.662,0.099,0.06,4.887,0.16300000000000026,0.16300000000000026,0.16300000000000026,0.16300000000000026,3.391,3.391,5.944,5.944,5.5680000000000005,5.5680000000000005,4.793,4.793,3.2359999999999998,3.2359999999999998,2.14,2.14
Canada,6.425,6.425,6.116666666666666,6.425,5.59,7.590000000000001,6.640000000000001,6.859999999999999,3.915,6.1049999999999995,6.803,1.749,1.647,0.832,0.813,0.168,0.323,6.803,-0.3780000000000001,0.3780000000000001,-0.3780000000000001,0.3780000000000001,3.8409999999999997,3.8409999999999997,5.9430000000000005,5.9430000000000005,5.808000000000001,5.808000000000001,6.047,6.047,3.747,3.747,5.781999999999999,5.781999999999999
Chad,4.525,4.525,4.3525,4.525,3.8,6.695,5.445,4.965,3.1149999999999998,2.0949999999999998,4.384,0.592,0.902,0.242,0.477,0.175,0.111,4.384,0.14100000000000001,0.14100000000000001,0.14100000000000001,0.14100000000000001,3.2079999999999997,3.2079999999999997,5.793,5.793,5.203,5.203,4.4879999999999995,4.4879999999999995,2.94,2.94,1.9839999999999998,1.9839999999999998
Chile,5.95,5.95,5.486666666666666,5.95,5.29,7.445,6.33,6.4799999999999995,3.465,3.91,6.361,1.537,1.577,0.711,0.779,0.093,0.085,6.361,-0.4109999999999996,0.4109999999999996,-0.4109999999999996,0.4109999999999996,3.753,3.753,5.868,5.868,5.619,5.619,5.701,5.701,3.372,3.372,3.825,3.825
China,5.825,5.825,5.2375,5.825,5.46,7.109999999999999,6.1850000000000005,5.415,3.315,3.94,5.921,1.445,1.307,0.789,0.764,0.079,0.154,5.921,-0.09600000000000009,0.09600000000000009,-0.09600000000000009,0.09600000000000009,4.015,4.015,5.802999999999999,5.802999999999999,5.396000000000001,5.396000000000001,4.651,4.651,3.2359999999999998,3.2359999999999998,3.786,3.786
Colombia,5.720000000000001,5.720000000000001,5.165,5.720000000000001,5.035,7.340000000000001,6.225,6.1450000000000005,3.475,2.77,6.004,1.38,1.513,0.587,0.777,0.039,0.051,6.004,-0.2839999999999989,0.2839999999999989,-0.2839999999999989,0.2839999999999989,3.6550000000000002,3.6550000000000002,5.827000000000001,5.827000000000001,5.638,5.638,5.368,5.368,3.436,3.436,2.719,2.719
Comoros,4.96,4.96,4.7299999999999995,4.96,3.995,7.0,5.795,5.49,3.3950000000000005,2.7049999999999996,3.754,0.835,0.501,0.428,0.26,0.117,0.164,3.754,1.206,1.206,1.206,1.206,3.16,3.16,6.499,6.499,5.367,5.367,5.23,5.23,3.2780000000000005,3.2780000000000005,2.5409999999999995,2.5409999999999995
Congo,4.7,4.7,4.444999999999999,4.7,3.9,6.75,5.5600000000000005,5.285,3.1900000000000004,1.985,5.03,1.023,0.796,0.336,0.626,0.082,0.126,5.03,-0.33000000000000007,0.33000000000000007,-0.33000000000000007,0.33000000000000007,2.877,2.877,5.954,5.954,5.224,5.224,4.659,4.659,3.1080000000000005,3.1080000000000005,1.859,1.859
Costa Rica,6.2700000000000005,6.2700000000000005,5.6899999999999995,6.2700000000000005,5.34,7.609999999999999,6.565,6.57,3.6,4.455,7.274,1.492,1.6,0.68,0.948,0.067,0.118,7.274,-1.0039999999999996,1.0039999999999996,-1.0039999999999996,1.0039999999999996,3.848,3.848,6.01,6.01,5.885000000000001,5.885000000000001,5.622,5.622,3.533,3.533,4.337,4.337
Croatia,6.0,6.0,5.383333333333334,6.0,5.265,7.470000000000001,6.335,6.409999999999999,3.4549999999999996,3.3649999999999998,5.87,1.644,1.673,0.669,0.478,0.022,0.065,5.87,0.1299999999999999,0.1299999999999999,0.1299999999999999,0.1299999999999999,3.6209999999999996,3.6209999999999996,5.797000000000001,5.797000000000001,5.666,5.666,5.9319999999999995,5.9319999999999995,3.433,3.433,3.3,3.3
Cyprus,6.25,6.25,5.578333333333333,6.25,5.654999999999999,7.55,6.495,6.595000000000001,3.565,3.6100000000000003,5.942,1.72,1.348,0.84,0.612,0.108,0.041,5.942,0.30799999999999983,0.30799999999999983,0.30799999999999983,0.30799999999999983,3.9349999999999996,3.9349999999999996,6.202,6.202,5.655,5.655,5.9830000000000005,5.9830000000000005,3.457,3.457,3.5690000000000004,3.5690000000000004
Czechia,6.4,6.4,5.7924999999999995,6.4,5.71,7.56,6.540000000000001,6.81,3.5450000000000004,4.59,6.775,1.692,1.716,0.658,0.916,0.118,0.084,6.775,-0.375,0.375,-0.375,0.375,4.018,4.018,5.843999999999999,5.843999999999999,5.882000000000001,5.882000000000001,5.893999999999999,5.893999999999999,3.4270000000000005,3.4270000000000005,4.506,4.506
Côte d’Ivoire,5.535,5.535,5.1125,5.535,4.8149999999999995,7.15,6.1049999999999995,6.055,3.53,3.02,5.102,1.038,0.76,0.206,0.661,0.1,0.162,5.102,0.43299999999999983,0.43299999999999983,0.43299999999999983,0.43299999999999983,3.7769999999999992,3.7769999999999992,6.390000000000001,6.390000000000001,5.898999999999999,5.898999999999999,5.394,5.394,3.4299999999999997,3.4299999999999997,2.858,2.858
DR Congo,4.569999999999999,4.569999999999999,4.3825,4.569999999999999,3.8549999999999995,6.7700000000000005,5.55,5.220000000000001,3.2600000000000002,1.64,3.469,0.544,0.929,0.278,0.6,0.151,0.061,3.469,1.1009999999999995,1.1009999999999995,1.1009999999999995,1.1009999999999995,3.3109999999999995,3.3109999999999995,5.841,5.841,5.272,5.272,4.620000000000001,4.620000000000001,3.1090000000000004,3.1090000000000004,1.579,1.579
Denmark,7.029999999999999,7.029999999999999,6.95,7.029999999999999,6.675,7.995,6.915000000000001,7.390000000000001,4.335,8.39,7.521,1.825,1.748,0.82,0.955,0.15,0.488,7.521,-0.49100000000000055,0.49100000000000055,-0.49100000000000055,0.49100000000000055,4.85,4.85,6.247,6.247,6.095000000000001,6.095000000000001,6.4350000000000005,6.4350000000000005,4.185,4.185,7.902000000000001,7.902000000000001
Dominican Republic,5.82,5.82,5.256666666666667,5.82,5.1,7.305,6.275,6.2700000000000005,3.4299999999999997,3.16,5.846,1.457,1.5,0.615,0.866,0.063,0.186,5.846,-0.0259999999999998,0.0259999999999998,-0.0259999999999998,0.0259999999999998,3.643,3.643,5.805,5.805,5.66,5.66,5.404000000000001,5.404000000000001,3.3669999999999995,3.3669999999999995,2.974,2.974
Ecuador,5.455,5.455,5.011666666666667,5.455,4.82,7.225,6.1899999999999995,5.955,3.375,2.505,5.965,1.299,1.32,0.702,0.712,0.058,0.066,5.965,-0.5099999999999998,0.5099999999999998,-0.5099999999999998,0.5099999999999998,3.5210000000000004,3.5210000000000004,5.904999999999999,5.904999999999999,5.4879999999999995,5.4879999999999995,5.243,5.243,3.317,3.317,2.439,2.439
Egypt,4.95,4.95,4.494166666666667,4.95,3.715,7.0,5.945,4.715,3.25,2.34,3.817,1.347,1.075,0.473,0.593,0.018,0.103,3.817,1.133,1.133,1.133,1.133,2.368,2.368,5.925,5.925,5.472,5.472,4.122,4.122,3.232,3.232,2.2369999999999997,2.2369999999999997
El Salvador,5.92,5.92,5.219166666666666,5.92,5.025,7.390000000000001,6.2299999999999995,6.12,3.2600000000000002,3.29,6.492,1.222,1.228,0.559,0.955,0.054,0.264,6.492,-0.5720000000000001,0.5720000000000001,-0.5720000000000001,0.5720000000000001,3.8030000000000004,3.8030000000000004,6.162000000000001,6.162000000000001,5.670999999999999,5.670999999999999,5.165,5.165,3.2060000000000004,3.2060000000000004,3.026,3.026
Estonia,6.415000000000001,6.415000000000001,6.253333333333333,6.415000000000001,5.665,7.495,6.545,7.109999999999999,3.4850000000000003,7.220000000000001,6.417,1.65,1.716,0.642,0.902,0.128,0.378,6.417,-0.0019999999999988916,0.0019999999999988916,-0.0019999999999988916,0.0019999999999988916,4.015000000000001,4.015000000000001,5.779,5.779,5.903,5.903,6.207999999999999,6.207999999999999,3.357,3.357,6.8420000000000005,6.8420000000000005
Eswatini,5.1049999999999995,5.1049999999999995,4.8075,5.1049999999999995,4.4399999999999995,7.0200000000000005,5.715,5.485,3.4299999999999997,2.755,3.774,1.183,1.152,0.038,0.428,0.054,0.13,3.774,1.3309999999999995,1.3309999999999995,1.3309999999999995,1.3309999999999995,3.2569999999999997,3.2569999999999997,5.868,5.868,5.677,5.677,5.057,5.057,3.376,3.376,2.625,2.625
Ethiopia,4.825,4.825,4.58,4.825,3.915,6.859999999999999,5.82,5.13,3.2649999999999997,2.4899999999999998,3.898,0.757,1.051,0.416,0.54,0.182,0.1,3.898,0.927,0.927,0.927,0.927,3.158,3.158,5.808999999999999,5.808999999999999,5.404,5.404,4.59,4.59,3.0829999999999997,3.0829999999999997,2.3899999999999997,2.3899999999999997
Finland,6.92,6.92,6.7125,6.92,6.255,7.88,6.8,7.24,3.78,8.32,7.736,1.749,1.783,0.824,0.986,0.11,0.502,7.736,-0.8159999999999998,0.8159999999999998,-0.8159999999999998,0.8159999999999998,4.506,4.506,6.0969999999999995,6.0969999999999995,5.976,5.976,6.2540000000000004,6.2540000000000004,3.67,3.67,7.8180000000000005,7.8180000000000005
France,6.38,6.38,5.8375,6.38,5.795,7.545,6.51,6.515000000000001,3.5450000000000004,5.115,6.593,1.733,1.535,0.832,0.743,0.099,0.264,6.593,-0.21300000000000008,0.21300000000000008,-0.21300000000000008,0.21300000000000008,4.061999999999999,4.061999999999999,6.01,6.01,5.678,5.678,5.772,5.772,3.446,3.446,4.851,4.851
Gabon,5.4,5.4,4.979166666666667,5.4,4.925,7.109999999999999,6.055,5.805,3.45,2.5300000000000002,5.12,1.386,1.224,0.387,0.651,0.042,0.086,5.12,0.28000000000000025,0.28000000000000025,0.28000000000000025,0.28000000000000025,3.5389999999999997,3.5389999999999997,5.885999999999999,5.885999999999999,5.667999999999999,5.667999999999999,5.154,5.154,3.4080000000000004,3.4080000000000004,2.4440000000000004,2.4440000000000004
Gambia,5.255,5.255,4.988333333333333,5.255,4.3,7.125,5.9350000000000005,5.93,3.6450000000000005,2.995,4.423,0.778,0.958,0.348,0.611,0.255,0.045,4.423,0.8319999999999999,0.8319999999999999,0.8319999999999999,0.8319999999999999,3.522,3.522,6.167,6.167,5.587000000000001,5.587000000000001,5.319,5.319,3.3900000000000006,3.3900000000000006,2.95,2.95
Georgia,5.625,5.625,5.159166666666667,5.625,4.845000000000001,7.2299999999999995,6.14,6.0600000000000005,3.2299999999999995,3.45,5.4,1.444,1.275,0.482,0.844,0.0,0.172,5.4,0.22499999999999964,0.22499999999999964,0.22499999999999964,0.22499999999999964,3.4010000000000007,3.4010000000000007,5.955,5.955,5.6579999999999995,5.6579999999999995,5.216,5.216,3.2299999999999995,3.2299999999999995,3.278,3.278
Germany,6.505,6.505,6.2,6.505,6.01,7.615,6.56,6.834999999999999,3.7350000000000003,6.445,6.753,1.785,1.625,0.776,0.858,0.148,0.351,6.753,-0.24800000000000022,0.24800000000000022,-0.24800000000000022,0.24800000000000022,4.225,4.225,5.99,5.99,5.784,5.784,5.976999999999999,5.976999999999999,3.587,3.587,6.094,6.094
Ghana,5.34,5.34,5.005833333333333,5.34,4.345000000000001,7.1450000000000005,6.1450000000000005,6.005,3.685,2.71,4.34,1.053,1.01,0.438,0.771,0.139,0.025,4.34,1.0,1.0,1.0,1.0,3.2920000000000007,3.2920000000000007,6.135000000000001,6.135000000000001,5.707000000000001,5.707000000000001,5.234,5.234,3.5460000000000003,3.5460000000000003,2.685,2.685
Greece,5.805,5.805,5.243333333333333,5.805,4.91,7.4,6.37,6.235,3.41,3.1350000000000002,5.776,1.608,1.438,0.725,0.396,0.003,0.063,5.776,0.028999999999999915,0.028999999999999915,0.028999999999999915,0.028999999999999915,3.302,3.302,5.962000000000001,5.962000000000001,5.6450000000000005,5.6450000000000005,5.839,5.839,3.407,3.407,3.072,3.072
Guatemala,5.5200000000000005,5.5200000000000005,4.975,5.5200000000000005,4.85,7.19,6.154999999999999,5.9799999999999995,3.335,2.34,6.362,1.249,1.33,0.376,0.882,0.075,0.085,6.362,-0.8419999999999996,0.8419999999999996,-0.8419999999999996,0.8419999999999996,3.6009999999999995,3.6009999999999995,5.86,5.86,5.778999999999999,5.778999999999999,5.098,5.098,3.26,3.26,2.255,2.255
Guinea,4.925,4.925,4.559166666666667,4.925,4.11,6.88,5.715,5.2299999999999995,3.2550000000000003,2.165,4.929,0.873,0.791,0.306,0.676,0.157,0.098,4.929,-0.004000000000000448,0.004000000000000448,-0.004000000000000448,0.004000000000000448,3.237,3.237,6.0889999999999995,6.0889999999999995,5.409,5.409,4.553999999999999,4.553999999999999,3.0980000000000003,3.0980000000000003,2.067,2.067
Honduras,5.265,5.265,4.8133333333333335,5.265,4.5,7.115,6.1,5.755,3.2950000000000004,2.1149999999999998,5.964,1.036,1.187,0.436,0.862,0.134,0.079,5.964,-0.6990000000000007,0.6990000000000007,-0.6990000000000007,0.6990000000000007,3.464,3.464,5.928,5.928,5.664,5.664,4.893,4.893,3.1610000000000005,3.1610000000000005,2.0359999999999996,2.0359999999999996
Hong Kong SAR of China,6.025,6.025,5.633333333333334,6.025,5.765,7.2700000000000005,6.415000000000001,5.43,3.6149999999999998,5.305,5.491,1.79,1.41,0.948,0.674,0.116,0.386,5.491,0.5340000000000007,0.5340000000000007,0.5340000000000007,0.5340000000000007,3.9749999999999996,3.9749999999999996,5.86,5.86,5.4670000000000005,5.4670000000000005,4.755999999999999,4.755999999999999,3.4989999999999997,3.4989999999999997,4.919,4.919
Hungary,5.64,5.64,5.0024999999999995,5.64,4.765,7.2299999999999995,6.15,5.995,3.2550000000000003,2.62,5.915,1.638,1.742,0.587,0.681,0.099,0.057,5.915,-0.27500000000000036,0.27500000000000036,-0.27500000000000036,0.27500000000000036,3.127,3.127,5.4879999999999995,5.4879999999999995,5.563000000000001,5.563000000000001,5.314,5.314,3.156,3.156,2.563,2.563
Iceland,6.959999999999999,6.959999999999999,6.725,6.959999999999999,6.32,7.984999999999999,6.925,7.25,4.085,7.784999999999999,7.515,1.799,1.84,0.873,0.971,0.201,0.173,7.515,-0.5550000000000006,0.5550000000000006,-0.5550000000000006,0.5550000000000006,4.521000000000001,4.521000000000001,6.145,6.145,6.052,6.052,6.279,6.279,3.884,3.884,7.611999999999999,7.611999999999999
India,5.68,5.68,5.125,5.68,5.1850000000000005,7.2,6.0,6.029999999999999,3.415,2.92,4.389,1.149,0.86,0.316,0.914,0.141,0.12,4.389,1.2909999999999995,1.2909999999999995,1.2909999999999995,1.2909999999999995,4.0360000000000005,4.0360000000000005,6.34,6.34,5.684,5.684,5.116,5.116,3.274,3.274,2.8,2.8
Indonesia,5.875,5.875,5.304166666666666,5.875,5.29,7.215000000000001,6.14,6.225,3.6399999999999997,3.315,5.617,1.288,1.372,0.454,0.918,0.323,0.044,5.617,0.258,0.258,0.258,0.258,4.002,4.002,5.843000000000001,5.843000000000001,5.686,5.686,5.3069999999999995,5.3069999999999995,3.3169999999999997,3.3169999999999997,3.271,3.271
Iran,4.8100000000000005,4.8100000000000005,4.2375,4.8100000000000005,3.6950000000000003,7.040000000000001,5.96,3.6,3.285,1.845,5.093,1.33,1.367,0.609,0.456,0.202,0.122,5.093,-0.2829999999999995,0.2829999999999995,-0.2829999999999995,0.2829999999999995,2.365,2.365,5.673000000000001,5.673000000000001,5.351,5.351,3.144,3.144,3.083,3.083,1.7229999999999999,1.7229999999999999
Iraq,5.0,5.0,4.669166666666667,5.0,4.55,6.94,5.875,5.16,3.47,2.02,4.976,1.261,1.275,0.589,0.503,0.1,0.069,4.976,0.02400000000000002,0.02400000000000002,0.02400000000000002,0.02400000000000002,3.2889999999999997,3.2889999999999997,5.665000000000001,5.665000000000001,5.286,5.286,4.657,4.657,3.37,3.37,1.951,1.951
Ireland,6.534999999999999,6.534999999999999,6.1625,6.534999999999999,5.8950000000000005,7.654999999999999,6.595000000000001,6.784999999999999,3.9799999999999995,6.0649999999999995,6.889,1.988,1.659,0.823,0.906,0.179,0.382,6.889,-0.354000000000001,0.354000000000001,-0.354000000000001,0.354000000000001,3.9070000000000005,3.9070000000000005,5.9959999999999996,5.9959999999999996,5.772,5.772,5.879,5.879,3.8009999999999997,3.8009999999999997,5.683,5.683
Israel,5.59,5.59,5.344166666666666,5.59,5.385,7.325,6.43,5.945,3.775,3.2049999999999996,7.234,1.695,1.743,0.824,0.74,0.144,0.193,7.234,-1.6440000000000001,1.6440000000000001,-1.6440000000000001,1.6440000000000001,3.6899999999999995,3.6899999999999995,5.582,5.582,5.606,5.606,5.205,5.205,3.631,3.631,3.0119999999999996,3.0119999999999996
Italy,6.13,6.13,5.5216666666666665,6.13,5.425,7.525,6.534999999999999,6.435,3.465,3.7449999999999997,6.415,1.724,1.526,0.852,0.641,0.082,0.071,6.415,-0.28500000000000014,0.28500000000000014,-0.28500000000000014,0.28500000000000014,3.7009999999999996,3.7009999999999996,5.9990000000000006,5.9990000000000006,5.682999999999999,5.682999999999999,5.794,5.794,3.383,3.383,3.6739999999999995,3.6739999999999995
Jamaica,5.59,5.59,5.184166666666667,5.59,4.86,7.24,6.24,6.085,3.625,3.055,5.87,1.182,1.545,0.504,0.869,0.075,0.019,5.87,-0.28000000000000025,0.28000000000000025,-0.28000000000000025,0.28000000000000025,3.6780000000000004,3.6780000000000004,5.695,5.695,5.736000000000001,5.736000000000001,5.216,5.216,3.55,3.55,3.036,3.036
Japan,6.2,6.2,5.873333333333333,6.2,5.65,7.275,6.455,6.18,3.37,6.3100000000000005,6.147,1.678,1.55,0.921,0.746,0.014,0.2,6.147,0.052999999999999936,0.052999999999999936,0.052999999999999936,0.052999999999999936,3.9720000000000004,3.9720000000000004,5.7250000000000005,5.7250000000000005,5.534,5.534,5.433999999999999,5.433999999999999,3.3560000000000003,3.3560000000000003,6.11,6.11
Jordan,5.375,5.375,5.0008333333333335,5.375,4.51,7.1450000000000005,6.12,5.475,3.535,3.22,4.31,1.158,1.202,0.573,0.7,0.051,0.164,4.31,1.0650000000000004,1.0650000000000004,1.0650000000000004,1.0650000000000004,3.352,3.352,5.9430000000000005,5.9430000000000005,5.547000000000001,5.547000000000001,4.7749999999999995,4.7749999999999995,3.484,3.484,3.056,3.056
Kazakhstan,5.84,5.84,5.168333333333334,5.84,5.295,7.265000000000001,6.165,5.91,3.415,2.96,6.378,1.586,1.688,0.504,0.878,0.111,0.118,6.378,-0.5380000000000003,0.5380000000000003,-0.5380000000000003,0.5380000000000003,3.7089999999999996,3.7089999999999996,5.577000000000001,5.577000000000001,5.661,5.661,5.032,5.032,3.304,3.304,2.842,2.842
Kenya,5.445,5.445,4.998333333333333,5.445,4.63,7.154999999999999,6.13,5.955,3.625,2.495,4.51,0.994,1.047,0.448,0.649,0.22,0.073,4.51,0.9350000000000005,0.9350000000000005,0.9350000000000005,0.9350000000000005,3.636,3.636,6.108,6.108,5.6819999999999995,5.6819999999999995,5.306,5.306,3.405,3.405,2.422,2.422
Kosovo,5.5649999999999995,5.5649999999999995,5.149166666666667,5.5649999999999995,4.785,7.284999999999999,6.265,6.16,3.2950000000000004,3.105,6.659,1.281,1.454,0.896,0.893,0.201,0.087,6.659,-1.0940000000000003,1.0940000000000003,-1.0940000000000003,1.0940000000000003,3.5040000000000004,3.5040000000000004,5.8309999999999995,5.8309999999999995,5.369,5.369,5.267,5.267,3.0940000000000003,3.0940000000000003,3.018,3.018
Kuwait,6.625,6.625,5.891666666666667,6.625,6.8950000000000005,7.659999999999999,6.495,6.42,4.18,3.7,6.629,1.691,1.481,0.766,0.934,0.143,0.167,6.629,-0.0039999999999995595,0.0039999999999995595,-0.0039999999999995595,0.0039999999999995595,5.204000000000001,5.204000000000001,6.178999999999999,6.178999999999999,5.729,5.729,5.486,5.486,4.037,4.037,3.5330000000000004,3.5330000000000004
Kyrgyzstan,5.41,5.41,4.931666666666667,5.41,4.6049999999999995,7.140000000000001,6.005,5.8950000000000005,3.3649999999999998,2.58,5.858,1.032,1.715,0.647,0.981,0.169,0.053,5.858,-0.4479999999999995,0.4479999999999995,-0.4479999999999995,0.4479999999999995,3.5729999999999995,3.5729999999999995,5.425000000000001,5.425000000000001,5.358,5.358,4.914000000000001,4.914000000000001,3.1959999999999997,3.1959999999999997,2.527,2.527
Lao PDR,5.29,5.29,4.820833333333334,5.29,4.445,7.055,5.925,5.465,3.415,2.62,5.301,1.122,1.01,0.493,0.916,0.145,0.164,5.301,-0.01100000000000012,0.01100000000000012,-0.01100000000000012,0.01100000000000012,3.3230000000000004,3.3230000000000004,6.045,6.045,5.4319999999999995,5.4319999999999995,4.5489999999999995,4.5489999999999995,3.27,3.27,2.456,2.456
Latvia,5.99,5.99,5.641666666666667,5.99,5.29,7.32,6.33,6.63,3.3299999999999996,4.95,6.207,1.619,1.711,0.503,0.789,0.108,0.082,6.207,-0.21699999999999964,0.21699999999999964,-0.21699999999999964,0.21699999999999964,3.6710000000000003,3.6710000000000003,5.609,5.609,5.827,5.827,5.841,5.841,3.2219999999999995,3.2219999999999995,4.868,4.868
Lebanon,4.515,4.515,4.3375,4.515,3.4200000000000004,6.99,6.0200000000000005,5.035,3.25,1.31,3.188,1.223,0.984,0.44,0.279,0.071,0.041,3.188,1.3269999999999995,1.3269999999999995,1.3269999999999995,1.3269999999999995,2.197,2.197,6.006,6.006,5.58,5.58,4.756,4.756,3.179,3.179,1.2690000000000001,1.2690000000000001
Lesotho,5.045,5.045,4.861666666666666,5.045,4.3100000000000005,7.040000000000001,5.635,5.945,3.47,2.77,3.757,0.737,1.131,0.0,0.606,0.065,0.072,3.757,1.2879999999999998,1.2879999999999998,1.2879999999999998,1.2879999999999998,3.5730000000000004,3.5730000000000004,5.909000000000001,5.909000000000001,5.635,5.635,5.339,5.339,3.4050000000000002,3.4050000000000002,2.698,2.698
Liberia,4.8,4.8,4.565833333333333,4.8,3.9,6.85,5.470000000000001,5.61,3.31,2.255,4.277,0.582,0.888,0.324,0.653,0.143,0.068,4.277,0.5229999999999997,0.5229999999999997,0.5229999999999997,0.5229999999999997,3.318,3.318,5.962,5.962,5.146000000000001,5.146000000000001,4.957000000000001,4.957000000000001,3.1670000000000003,3.1670000000000003,2.187,2.187
Libya,4.725,4.725,4.409166666666667,4.725,4.15,6.88,5.89,4.68,3.13,1.725,5.82,1.247,1.309,0.549,0.724,0.111,0.214,5.82,-1.0950000000000006,1.0950000000000006,-1.0950000000000006,1.0950000000000006,2.9030000000000005,2.9030000000000005,5.571,5.571,5.340999999999999,5.340999999999999,3.9559999999999995,3.9559999999999995,3.0189999999999997,3.0189999999999997,1.5110000000000001,1.5110000000000001
Lithuania,6.235,6.235,5.858333333333333,6.235,5.575,7.459999999999999,6.404999999999999,6.859999999999999,3.465,5.385,6.829,1.684,1.699,0.592,0.702,0.031,0.123,6.829,-0.5939999999999994,0.5939999999999994,-0.5939999999999994,0.5939999999999994,3.891,3.891,5.760999999999999,5.760999999999999,5.813,5.813,6.1579999999999995,6.1579999999999995,3.4339999999999997,3.4339999999999997,5.262,5.262
Luxembourg,6.984999999999999,6.984999999999999,6.779166666666667,6.984999999999999,6.965000000000001,7.83,6.815,7.195,4.14,7.7299999999999995,7.122,2.028,1.558,0.864,0.931,0.117,0.397,7.122,-0.13700000000000045,0.13700000000000045,-0.13700000000000045,0.13700000000000045,4.937000000000001,4.937000000000001,6.272,6.272,5.9510000000000005,5.9510000000000005,6.264,6.264,4.023,4.023,7.332999999999999,7.332999999999999
Madagascar,4.93,4.93,4.665,4.93,3.97,6.93,5.8549999999999995,5.625,3.1550000000000002,2.455,4.157,0.588,0.938,0.341,0.292,0.131,0.118,4.157,0.7729999999999997,0.7729999999999997,0.7729999999999997,0.7729999999999997,3.382,3.382,5.992,5.992,5.513999999999999,5.513999999999999,5.333,5.333,3.024,3.024,2.337,2.337
Malawi,4.9,4.9,4.736666666666666,4.9,3.905,6.965000000000001,5.805,5.735,3.375,2.635,3.26,0.588,0.489,0.28,0.677,0.115,0.136,3.26,1.6400000000000006,1.6400000000000006,1.6400000000000006,1.6400000000000006,3.3169999999999997,3.3169999999999997,6.476000000000001,6.476000000000001,5.5249999999999995,5.5249999999999995,5.058,5.058,3.26,3.26,2.4989999999999997,2.4989999999999997
Malaysia,6.0,6.0,5.476666666666667,6.0,5.505,7.325,6.2700000000000005,6.245,3.6350000000000002,3.88,5.955,1.571,1.315,0.446,0.991,0.181,0.11,5.955,0.04499999999999993,0.04499999999999993,0.04499999999999993,0.04499999999999993,3.934,3.934,6.01,6.01,5.824000000000001,5.824000000000001,5.2540000000000004,5.2540000000000004,3.454,3.454,3.77,3.77
Mali,4.654999999999999,4.654999999999999,4.4991666666666665,4.654999999999999,3.9200000000000004,6.8950000000000005,5.654999999999999,4.995,3.3549999999999995,2.175,4.345,0.709,0.908,0.318,0.767,0.093,0.114,4.345,0.3099999999999996,0.3099999999999996,0.3099999999999996,0.3099999999999996,3.2110000000000003,3.2110000000000003,5.987,5.987,5.337,5.337,4.228,4.228,3.2619999999999996,3.2619999999999996,2.061,2.061
Malta,6.415000000000001,6.415000000000001,5.684166666666667,6.415000000000001,5.885,7.590000000000001,6.56,6.534999999999999,3.66,3.875,6.316,1.76,1.671,0.837,0.837,0.217,0.115,6.316,0.09900000000000109,0.09900000000000109,0.09900000000000109,0.09900000000000109,4.125,4.125,5.9190000000000005,5.9190000000000005,5.723,5.723,5.6979999999999995,5.6979999999999995,3.443,3.443,3.76,3.76
Mauritania,5.0200000000000005,5.0200000000000005,4.713333333333333,5.0200000000000005,4.3549999999999995,6.904999999999999,5.795,5.38,3.2700000000000005,2.575,4.542,1.023,0.919,0.516,0.454,0.113,0.195,4.542,0.47800000000000065,0.47800000000000065,0.47800000000000065,0.47800000000000065,3.332,3.332,5.985999999999999,5.985999999999999,5.279,5.279,4.926,4.926,3.1570000000000005,3.1570000000000005,2.3800000000000003,2.3800000000000003
Mauritius,6.1450000000000005,6.1450000000000005,5.636666666666667,6.1450000000000005,5.5200000000000005,7.43,6.409999999999999,6.45,3.6149999999999998,4.3950000000000005,5.832,1.499,1.521,0.617,0.761,0.095,0.13,5.832,0.3130000000000006,0.3130000000000006,0.3130000000000006,0.3130000000000006,4.021000000000001,4.021000000000001,5.909,5.909,5.792999999999999,5.792999999999999,5.689,5.689,3.5199999999999996,3.5199999999999996,4.265000000000001,4.265000000000001
Mexico,5.84,5.84,5.218333333333334,5.84,5.18,7.42,6.285,6.305,3.435,2.6849999999999996,6.979,1.435,1.504,0.55,0.879,0.057,0.118,6.979,-1.1390000000000002,1.1390000000000002,-1.1390000000000002,1.1390000000000002,3.7449999999999997,3.7449999999999997,5.916,5.916,5.735,5.735,5.426,5.426,3.378,3.378,2.5669999999999997,2.5669999999999997
Mongolia,5.54,5.54,5.053333333333333,5.54,4.83,7.175,5.975,6.15,3.315,2.875,5.833,1.336,1.731,0.423,0.629,0.18,0.053,5.833,-0.29300000000000015,0.29300000000000015,-0.29300000000000015,0.29300000000000015,3.4939999999999998,3.4939999999999998,5.444,5.444,5.552,5.552,5.521000000000001,5.521000000000001,3.135,3.135,2.822,2.822
Montenegro,5.835,5.835,5.2716666666666665,5.835,5.13,7.390000000000001,6.335,6.345000000000001,3.425,3.005,5.877,1.507,1.551,0.618,0.768,0.075,0.138,5.877,-0.041999999999999815,0.041999999999999815,-0.041999999999999815,0.041999999999999815,3.623,3.623,5.839,5.839,5.717,5.717,5.577000000000001,5.577000000000001,3.3499999999999996,3.3499999999999996,2.867,2.867
Morocco,5.555,5.555,5.078333333333333,5.555,4.8549999999999995,7.18,6.125,5.865,3.345,3.1,4.622,1.139,0.635,0.585,0.748,0.031,0.095,4.622,0.9329999999999998,0.9329999999999998,0.9329999999999998,0.9329999999999998,3.7159999999999993,3.7159999999999993,6.545,6.545,5.54,5.54,5.117,5.117,3.314,3.314,3.005,3.005
Mozambique,4.97,4.97,4.683333333333334,4.97,4.135,6.935,5.865,5.625,3.22,2.32,5.19,0.559,1.131,0.124,0.813,0.127,0.173,5.19,-0.22000000000000064,0.22000000000000064,-0.22000000000000064,0.22000000000000064,3.5759999999999996,3.5759999999999996,5.803999999999999,5.803999999999999,5.7410000000000005,5.7410000000000005,4.812,4.812,3.093,3.093,2.147,2.147
Myanmar,4.32,4.32,4.0649999999999995,4.32,3.7700000000000005,6.705,5.64,3.4299999999999997,3.345,1.5,4.321,0.975,1.144,0.446,0.569,0.322,0.163,4.321,-0.0009999999999994458,0.0009999999999994458,-0.0009999999999994458,0.0009999999999994458,2.7950000000000004,2.7950000000000004,5.561,5.561,5.194,5.194,2.8609999999999998,2.8609999999999998,3.023,3.023,1.337,1.337
Namibia,5.62,5.62,5.274166666666667,5.62,5.04,7.225,6.16,6.2700000000000005,3.45,3.5,4.911,1.182,1.482,0.104,0.564,0.052,0.056,4.911,0.7090000000000005,0.7090000000000005,0.7090000000000005,0.7090000000000005,3.858,3.858,5.742999999999999,5.742999999999999,6.056,6.056,5.706,5.706,3.398,3.398,3.444,3.444
Nepal,5.4399999999999995,5.4399999999999995,5.0183333333333335,5.4399999999999995,4.745,7.19,6.025,6.0200000000000005,3.4549999999999996,2.675,5.311,0.944,1.21,0.463,0.764,0.155,0.099,5.311,0.12899999999999956,0.12899999999999956,0.12899999999999956,0.12899999999999956,3.801,3.801,5.98,5.98,5.562,5.562,5.256,5.256,3.3,3.3,2.5759999999999996,2.5759999999999996
Netherlands,6.8,6.8,6.514166666666666,6.8,6.385,7.725,6.705,7.13,4.0200000000000005,7.12,7.306,1.822,1.667,0.844,0.86,0.186,0.344,7.306,-0.5060000000000002,0.5060000000000002,-0.5060000000000002,0.5060000000000002,4.563,4.563,6.058,6.058,5.861,5.861,6.27,6.27,3.8340000000000005,3.8340000000000005,6.776,6.776
New Zealand,6.57,6.57,6.3975,6.57,5.775,7.6450000000000005,6.63,6.909999999999999,3.965,7.459999999999999,6.952,1.698,1.712,0.815,0.861,0.167,0.429,6.952,-0.3819999999999997,0.3819999999999997,-0.3819999999999997,0.3819999999999997,4.077,4.077,5.933000000000001,5.933000000000001,5.8149999999999995,5.8149999999999995,6.0489999999999995,6.0489999999999995,3.798,3.798,7.030999999999999,7.030999999999999
Nicaragua,5.29,5.29,4.6325,5.29,4.535,7.140000000000001,6.14,4.585,3.38,2.0149999999999997,6.33,1.084,1.47,0.646,0.912,0.103,0.271,6.33,-1.04,1.04,-1.04,1.04,3.451,3.451,5.670000000000001,5.670000000000001,5.494,5.494,3.673,3.673,3.2769999999999997,3.2769999999999997,1.7439999999999998,1.7439999999999998
Niger,4.51,4.51,4.485833333333334,4.51,3.775,6.8549999999999995,5.529999999999999,5.09,3.31,2.355,4.725,0.606,0.796,0.258,0.759,0.122,0.137,4.725,-0.21499999999999986,0.21499999999999986,-0.21499999999999986,0.21499999999999986,3.169,3.169,6.058999999999999,6.058999999999999,5.271999999999999,5.271999999999999,4.3309999999999995,4.3309999999999995,3.188,3.188,2.218,2.218
Nigeria,4.86,4.86,4.61,4.86,3.9200000000000004,6.9,5.925,5.51,3.46,1.9449999999999998,4.885,0.989,1.245,0.38,0.639,0.17,0.028,4.885,-0.024999999999999467,0.024999999999999467,-0.024999999999999467,0.024999999999999467,2.9310000000000005,2.9310000000000005,5.655,5.655,5.545,5.545,4.8709999999999996,4.8709999999999996,3.29,3.29,1.9169999999999998,1.9169999999999998
North Macedonia,5.595000000000001,5.595000000000001,5.030833333333333,5.595000000000001,4.775,7.24,6.2,6.0600000000000005,3.185,2.725,5.503,1.458,1.537,0.544,0.637,0.13,0.007,5.503,0.09200000000000053,0.09200000000000053,0.09200000000000053,0.09200000000000053,3.317,3.317,5.703,5.703,5.656000000000001,5.656000000000001,5.423,5.423,3.055,3.055,2.718,2.718
Norway,6.975,6.975,6.8575,6.975,6.665000000000001,7.909999999999999,6.93,7.35,4.125,8.165000000000001,7.262,1.902,1.711,0.863,0.962,0.168,0.425,7.262,-0.2869999999999999,0.2869999999999999,-0.2869999999999999,0.2869999999999999,4.763000000000001,4.763000000000001,6.198999999999999,6.198999999999999,6.067,6.067,6.388,6.388,3.957,3.957,7.740000000000001,7.740000000000001
Oman,6.425,6.425,6.131666666666666,6.425,6.14,7.62,6.575,6.245,4.0600000000000005,6.15,6.197,1.603,1.411,0.5,0.93,0.142,,6.197,0.22799999999999976,0.22799999999999976,0.22799999999999976,0.22799999999999976,4.537,4.537,6.209,6.209,6.075,6.075,5.315,5.315,3.9180000000000006,3.9180000000000006,,
Pakistan,5.0,5.0,4.6075,5.0,4.175,6.93,5.79,5.205,3.435,2.1100000000000003,4.768,0.982,0.759,0.417,0.529,0.136,0.046,4.768,0.2320000000000002,0.2320000000000002,0.2320000000000002,0.2320000000000002,3.1929999999999996,3.1929999999999996,6.170999999999999,6.170999999999999,5.373,5.373,4.676,4.676,3.299,3.299,2.0640000000000005,2.0640000000000005
Panama,6.0,6.0,5.369166666666667,6.0,5.415,7.445,6.375,6.425,3.565,2.9899999999999998,6.407,1.594,1.6,0.717,0.876,0.041,0.042,6.407,-0.40700000000000003,0.40700000000000003,-0.40700000000000003,0.40700000000000003,3.8209999999999997,3.8209999999999997,5.845000000000001,5.845000000000001,5.658,5.658,5.5489999999999995,5.5489999999999995,3.524,3.524,2.948,2.948
Paraguay,5.745,5.745,5.175,5.745,5.075,7.359999999999999,6.2700000000000005,6.3100000000000005,3.37,2.665,6.172,1.329,1.615,0.291,0.921,0.097,0.063,6.172,-0.4269999999999996,0.4269999999999996,-0.4269999999999996,0.4269999999999996,3.7460000000000004,3.7460000000000004,5.744999999999999,5.744999999999999,5.979,5.979,5.389,5.389,3.273,3.273,2.602,2.602
Peru,5.66,5.66,5.0825000000000005,5.66,5.055,7.234999999999999,6.2700000000000005,6.135,3.3850000000000002,2.415,5.947,1.323,1.364,0.551,0.71,0.05,0.021,5.947,-0.2869999999999999,0.2869999999999999,-0.2869999999999999,0.2869999999999999,3.7319999999999998,3.7319999999999998,5.8709999999999996,5.8709999999999996,5.719,5.719,5.425,5.425,3.3350000000000004,3.3350000000000004,2.394,2.394
Philippines,5.75,5.75,5.178333333333333,5.75,5.0600000000000005,7.35,6.08,6.125,3.6350000000000002,2.82,6.107,1.177,1.385,0.315,0.966,0.075,0.11,6.107,-0.3570000000000002,0.3570000000000002,-0.3570000000000002,0.3570000000000002,3.8830000000000005,3.8830000000000005,5.965,5.965,5.765,5.765,5.159,5.159,3.56,3.56,2.71,2.71
Poland,6.11,6.11,5.535833333333334,6.11,5.46,7.49,6.36,6.49,3.505,3.91,6.673,1.666,1.595,0.63,0.79,0.021,0.169,6.673,-0.5629999999999997,0.5629999999999997,-0.5629999999999997,0.5629999999999997,3.794,3.794,5.8950000000000005,5.8950000000000005,5.73,5.73,5.7,5.7,3.484,3.484,3.741,3.741
Portugal,6.13,6.13,5.5725,6.13,5.255,7.529999999999999,6.495,6.515000000000001,3.4,4.24,6.013,1.646,1.56,0.822,0.879,0.04,0.034,6.013,0.11699999999999999,0.11699999999999999,0.11699999999999999,0.11699999999999999,3.609,3.609,5.969999999999999,5.969999999999999,5.673,5.673,5.636000000000001,5.636000000000001,3.36,3.36,4.206,4.206
Republic of Korea,6.085,6.085,5.548333333333334,6.085,5.654999999999999,7.205,6.435,6.2,3.44,4.3549999999999995,6.038,1.709,1.357,0.903,0.678,0.1,0.139,6.038,0.04699999999999971,0.04699999999999971,0.04699999999999971,0.04699999999999971,3.9459999999999993,3.9459999999999993,5.848,5.848,5.532,5.532,5.522,5.522,3.34,3.34,4.215999999999999,4.215999999999999
Republic of Moldova,5.37,5.37,4.955,5.37,4.515,7.1,6.1049999999999995,6.07,3.255,2.6849999999999996,5.819,1.332,1.43,0.414,0.83,0.054,0.037,5.819,-0.44899999999999984,0.44899999999999984,-0.44899999999999984,0.44899999999999984,3.183,3.183,5.67,5.67,5.691,5.691,5.24,5.24,3.201,3.201,2.6479999999999997,2.6479999999999997
Romania,5.865,5.865,5.283333333333333,5.865,5.215,7.3549999999999995,6.21,6.455,3.3299999999999996,3.1350000000000002,6.563,1.636,1.401,0.561,0.847,0.028,0.015,6.563,-0.6979999999999995,0.6979999999999995,-0.6979999999999995,0.6979999999999995,3.5789999999999997,3.5789999999999997,5.954,5.954,5.649,5.649,5.6080000000000005,5.6080000000000005,3.3019999999999996,3.3019999999999996,3.12,3.12
Russian Federation,5.36,5.36,4.616666666666666,5.36,4.76,7.095000000000001,6.045,4.42,3.22,2.16,5.945,1.63,1.549,0.47,0.702,0.095,0.125,5.945,-0.585,0.585,-0.585,0.585,3.13,3.13,5.546000000000001,5.546000000000001,5.575,5.575,3.718,3.718,3.125,3.125,2.035,2.035
Saudi Arabia,6.305,6.305,5.795833333333333,6.305,6.2700000000000005,7.484999999999999,6.45,5.86,4.3100000000000005,4.4,6.6,1.743,1.566,0.714,0.915,0.105,0.187,6.6,-0.29499999999999993,0.29499999999999993,-0.29499999999999993,0.29499999999999993,4.527,4.527,5.919,5.919,5.736000000000001,5.736000000000001,4.945,4.945,4.205,4.205,4.213,4.213
Senegal,5.43,5.43,5.111666666666666,5.43,4.615,7.25,6.085,5.96,3.6,3.16,4.856,0.907,0.977,0.433,0.767,0.129,0.09,4.856,0.5739999999999998,0.5739999999999998,0.5739999999999998,0.5739999999999998,3.708,3.708,6.273,6.273,5.652,5.652,5.193,5.193,3.471,3.471,3.0700000000000003,3.0700000000000003
Serbia,5.62,5.62,5.0475,5.62,4.904999999999999,7.315,6.21,6.085,3.18,2.59,6.606,1.489,1.62,0.545,0.767,0.131,0.107,6.606,-0.9859999999999998,0.9859999999999998,-0.9859999999999998,0.9859999999999998,3.4159999999999995,3.4159999999999995,5.695,5.695,5.665,5.665,5.318,5.318,3.0490000000000004,3.0490000000000004,2.4829999999999997,2.4829999999999997
Sierra Leone,4.74,4.74,4.633333333333334,4.74,3.905,6.925,5.575,5.575,3.5149999999999997,2.305,2.998,0.786,0.692,0.327,0.613,0.138,0.052,2.998,1.742,1.742,1.742,1.742,3.1189999999999998,3.1189999999999998,6.233,6.233,5.248,5.248,4.962,4.962,3.377,3.377,2.253,2.253
Singapore,6.63,6.63,6.5025,6.63,6.279999999999999,7.45,6.640000000000001,6.565,3.87,8.209999999999999,6.565,2.022,1.565,0.935,0.856,0.164,0.522,6.565,0.0649999999999995,0.0649999999999995,0.0649999999999995,0.0649999999999995,4.257999999999999,4.257999999999999,5.885,5.885,5.705,5.705,5.7090000000000005,5.7090000000000005,3.706,3.706,7.687999999999999,7.687999999999999
Slovakia,6.0200000000000005,6.0200000000000005,5.4325,6.0200000000000005,5.38,7.470000000000001,6.33,6.49,3.37,3.5549999999999997,6.221,1.629,1.762,0.547,0.704,0.058,0.07,6.221,-0.20099999999999962,0.20099999999999962,-0.20099999999999962,0.20099999999999962,3.751,3.751,5.708,5.708,5.783,5.783,5.7860000000000005,5.7860000000000005,3.3120000000000003,3.3120000000000003,3.485,3.485
Slovenia,6.575,6.575,5.9975000000000005,6.575,5.89,7.715000000000001,6.635,6.9,3.66,5.1850000000000005,6.792,1.692,1.718,0.802,0.961,0.121,0.113,6.792,-0.21699999999999964,0.21699999999999964,-0.21699999999999964,0.21699999999999964,4.1979999999999995,4.1979999999999995,5.997000000000001,5.997000000000001,5.833,5.833,5.939,5.939,3.539,3.539,5.072,5.072
Somalia,4.535,4.535,4.4191666666666665,4.535,3.8649999999999998,6.945,5.535,4.68,3.745,1.7449999999999999,4.347,0.535,0.877,0.046,0.916,0.206,0.192,4.347,0.18799999999999972,0.18799999999999972,0.18799999999999972,0.18799999999999972,3.3299999999999996,3.3299999999999996,6.0680000000000005,6.0680000000000005,5.489,5.489,3.764,3.764,3.539,3.539,1.553,1.553
South Africa,5.3950000000000005,5.3950000000000005,4.985,5.3950000000000005,4.915,7.140000000000001,6.2,5.95,3.47,2.2350000000000003,5.213,1.283,1.465,0.142,0.676,0.064,0.043,5.213,0.18200000000000038,0.18200000000000038,0.18200000000000038,0.18200000000000038,3.632,3.632,5.675000000000001,5.675000000000001,6.058,6.058,5.274,5.274,3.406,3.406,2.192,2.192
Spain,6.33,6.33,5.7075,6.33,5.6450000000000005,7.56,6.57,6.609999999999999,3.5100000000000002,4.35,6.466,1.69,1.685,0.894,0.734,0.112,0.18,6.466,-0.13600000000000012,0.13600000000000012,-0.13600000000000012,0.13600000000000012,3.9550000000000005,3.9550000000000005,5.875,5.875,5.676,5.676,5.8759999999999994,5.8759999999999994,3.398,3.398,4.17,4.17
Sri Lanka,5.225,5.225,4.8341666666666665,5.225,4.295,7.115,6.12,5.785,3.3300000000000005,2.3600000000000003,3.891,1.271,1.308,0.567,0.696,0.121,0.025,3.891,1.3339999999999996,1.3339999999999996,1.3339999999999996,1.3339999999999996,3.024,3.024,5.807,5.807,5.553,5.553,5.089,5.089,3.2090000000000005,3.2090000000000005,2.3350000000000004,2.3350000000000004
State of Palestine,3.7,3.7,4.034166666666667,3.7,3.37,6.865,5.615,2.8899999999999997,3.465,2.0,4.78,1.047,1.456,,0.618,0.055,0.081,4.78,-1.08,1.08,-1.08,1.08,2.3230000000000004,2.3230000000000004,5.409000000000001,5.409000000000001,,,2.272,2.272,3.4099999999999997,3.4099999999999997,1.919,1.919
Sweden,6.790000000000001,6.790000000000001,6.581666666666666,6.790000000000001,6.275,7.859999999999999,6.715000000000001,7.215000000000001,4.01,7.415000000000001,7.345,1.783,1.698,0.889,0.952,0.17,0.467,7.345,-0.5549999999999988,0.5549999999999988,-0.5549999999999988,0.5549999999999988,4.492000000000001,4.492000000000001,6.161999999999999,6.161999999999999,5.8260000000000005,5.8260000000000005,6.263000000000001,6.263000000000001,3.84,3.84,6.948000000000001,6.948000000000001
Switzerland,6.970000000000001,6.970000000000001,6.778333333333333,6.970000000000001,6.755,7.82,6.915000000000001,7.205,4.135,7.840000000000001,6.935,1.87,1.622,0.883,0.889,0.156,0.468,6.935,0.03500000000000103,0.03500000000000103,0.03500000000000103,0.03500000000000103,4.885,4.885,6.198,6.198,6.032000000000001,6.032000000000001,6.316,6.316,3.9789999999999996,3.9789999999999996,7.372000000000001,7.372000000000001
Taiwan Province of China,6.409999999999999,6.409999999999999,6.138333333333334,6.409999999999999,5.875,7.529999999999999,6.6,6.63,3.8299999999999996,6.365,6.669,1.73,1.583,0.817,0.76,0.057,0.187,6.669,-0.25900000000000034,0.25900000000000034,-0.25900000000000034,0.25900000000000034,4.145,4.145,5.946999999999999,5.946999999999999,5.7829999999999995,5.7829999999999995,5.87,5.87,3.7729999999999997,3.7729999999999997,6.178,6.178
Tajikistan,5.09,5.09,4.621666666666667,5.09,4.205,7.0200000000000005,5.99,4.915,3.185,2.415,5.411,0.914,1.555,0.658,,0.085,0.342,5.411,-0.32099999999999973,0.32099999999999973,-0.32099999999999973,0.32099999999999973,3.291,3.291,5.465000000000001,5.465000000000001,5.332,5.332,,,3.1,3.1,2.073,2.073
Tanzania,5.455,5.455,5.1033333333333335,5.455,4.6850000000000005,7.154999999999999,5.99,5.9350000000000005,3.59,3.2649999999999997,3.8,0.847,0.908,0.411,0.858,0.153,0.243,3.8,1.6550000000000002,1.6550000000000002,1.6550000000000002,1.6550000000000002,3.8380000000000005,3.8380000000000005,6.246999999999999,6.246999999999999,5.579000000000001,5.579000000000001,5.077000000000001,5.077000000000001,3.437,3.437,3.022,3.022
Thailand,5.965,5.965,5.351666666666667,5.965,5.345000000000001,7.33,6.245,6.16,3.665,3.3649999999999998,6.222,1.426,1.551,0.633,0.927,0.223,0.039,6.222,-0.25700000000000056,0.25700000000000056,-0.25700000000000056,0.25700000000000056,3.9190000000000005,3.9190000000000005,5.779,5.779,5.612,5.612,5.2330000000000005,5.2330000000000005,3.442,3.442,3.3259999999999996,3.3259999999999996
Togo,4.99,4.99,4.7299999999999995,4.99,4.154999999999999,6.915000000000001,5.88,5.45,3.3950000000000005,2.585,4.315,0.757,0.736,0.378,0.576,0.097,0.153,4.315,0.6749999999999998,0.6749999999999998,0.6749999999999998,0.6749999999999998,3.3979999999999992,3.3979999999999992,6.179000000000001,6.179000000000001,5.502,5.502,4.8740000000000006,4.8740000000000006,3.2980000000000005,3.2980000000000005,2.432,2.432
Trinidad and Tobago,5.715,5.715,5.295833333333333,5.715,5.325,7.305,6.3100000000000005,6.21,3.625,3.0,5.905,1.549,1.532,0.419,0.76,0.111,0.001,5.905,-0.1900000000000004,0.1900000000000004,-0.1900000000000004,0.1900000000000004,3.7760000000000002,3.7760000000000002,5.773,5.773,5.891000000000001,5.891000000000001,5.45,5.45,3.514,3.514,2.999,2.999
Tunisia,5.165,5.165,4.743333333333333,5.165,4.225,7.034999999999999,6.11,5.39,3.18,2.52,4.552,1.257,1.224,0.459,0.382,0.032,0.05,4.552,0.6130000000000004,0.6130000000000004,0.6130000000000004,0.6130000000000004,2.968,2.968,5.810999999999999,5.810999999999999,5.651000000000001,5.651000000000001,5.008,5.008,3.148,3.148,2.47,2.47
Türkiye,5.295,5.295,4.721666666666667,5.295,4.095000000000001,7.18,6.12,5.4,3.245,2.29,5.262,1.582,1.444,0.626,0.244,0.04,0.104,5.262,0.03300000000000036,0.03300000000000036,0.03300000000000036,0.03300000000000036,2.513000000000001,2.513000000000001,5.736,5.736,5.494,5.494,5.156000000000001,5.156000000000001,3.205,3.205,2.186,2.186
Uganda,5.175,5.175,4.819166666666667,5.175,4.385,7.034999999999999,5.95,5.705,3.5149999999999997,2.325,4.461,0.762,1.342,0.396,0.751,0.148,0.05,4.461,0.7139999999999995,0.7139999999999995,0.7139999999999995,0.7139999999999995,3.6229999999999998,3.6229999999999998,5.693,5.693,5.554,5.554,4.954,4.954,3.3669999999999995,3.3669999999999995,2.2750000000000004,2.2750000000000004
Ukraine,4.665,4.665,4.775833333333333,4.665,4.42,7.045,5.7700000000000005,5.04,4.045,2.335,4.68,1.328,1.472,0.472,0.689,0.245,0.023,4.68,-0.01499999999999968,0.01499999999999968,-0.01499999999999968,0.01499999999999968,3.0919999999999996,3.0919999999999996,5.573,5.573,5.298,5.298,4.351,4.351,3.8,3.8,2.312,2.312
United Arab Emirates,6.904999999999999,6.904999999999999,6.629166666666667,6.904999999999999,7.065,7.709999999999999,6.7299999999999995,6.659999999999999,4.595000000000001,7.015000000000001,6.759,1.812,1.294,0.659,0.934,0.165,0.235,6.759,0.14599999999999902,0.14599999999999902,0.14599999999999902,0.14599999999999902,5.253,5.253,6.415999999999999,6.415999999999999,6.071,6.071,5.725999999999999,5.725999999999999,4.430000000000001,4.430000000000001,6.78,6.78
United Kingdom,6.2,6.2,5.654999999999999,6.2,5.475,7.425,6.43,6.555,3.835,4.21,6.728,1.725,1.562,0.779,0.872,0.211,0.318,6.728,-0.5279999999999996,0.5279999999999996,-0.5279999999999996,0.5279999999999996,3.7499999999999996,3.7499999999999996,5.8629999999999995,5.8629999999999995,5.651,5.651,5.683,5.683,3.624,3.624,3.892,3.892
United States,6.25,6.25,5.6075,6.25,5.779999999999999,7.409999999999999,6.484999999999999,6.6049999999999995,3.915,3.45,6.724,1.839,1.614,0.604,0.644,0.171,0.161,6.724,-0.4740000000000002,0.4740000000000002,-0.4740000000000002,0.4740000000000002,3.9409999999999994,3.9409999999999994,5.795999999999999,5.795999999999999,5.880999999999999,5.880999999999999,5.960999999999999,5.960999999999999,3.744,3.744,3.289,3.289
Uruguay,6.335,6.335,6.159166666666667,6.335,5.61,7.635,6.49,6.685,3.54,6.995,6.661,1.554,1.654,0.523,0.913,0.078,0.197,6.661,-0.3259999999999996,0.3259999999999996,-0.3259999999999996,0.3259999999999996,4.056,4.056,5.981,5.981,5.9670000000000005,5.9670000000000005,5.771999999999999,5.771999999999999,3.462,3.462,6.798,6.798
Uzbekistan,5.6,5.6,4.9775,5.6,4.8549999999999995,7.18,6.05,5.5600000000000005,3.4200000000000004,2.8,6.193,1.179,1.615,0.654,0.977,0.195,0.208,6.193,-0.593,0.593,-0.593,0.593,3.6759999999999993,3.6759999999999993,5.5649999999999995,5.5649999999999995,5.396,5.396,4.583,4.583,3.2250000000000005,3.2250000000000005,2.5919999999999996,2.5919999999999996
Venezuela,4.725,4.725,4.3625,4.725,3.6700000000000004,7.040000000000001,5.9799999999999995,4.865,3.13,1.49,5.683,0.0,1.493,0.515,0.702,0.154,0.117,5.683,-0.9580000000000002,0.9580000000000002,-0.9580000000000002,0.9580000000000002,3.6700000000000004,3.6700000000000004,5.547000000000001,5.547000000000001,5.465,5.465,4.163,4.163,2.976,2.976,1.373,1.373
Viet Nam,5.970000000000001,5.970000000000001,5.338333333333333,5.970000000000001,5.41,7.290000000000001,6.215,5.970000000000001,3.59,3.5549999999999997,6.352,1.278,1.533,0.631,1.012,0.039,0.174,6.352,-0.3819999999999997,0.3819999999999997,-0.3819999999999997,0.3819999999999997,4.132,4.132,5.7570000000000014,5.7570000000000014,5.584,5.584,4.958,4.958,3.5509999999999997,3.5509999999999997,3.381,3.381
Yemen,3.95,3.95,3.934166666666667,3.95,3.29,6.625,5.26,3.8649999999999998,3.05,1.5150000000000001,3.561,0.631,1.482,0.375,0.447,0.066,0.106,3.561,0.38900000000000023,0.38900000000000023,0.38900000000000023,0.38900000000000023,2.659,2.659,5.143,5.143,4.885,4.885,3.4179999999999997,3.4179999999999997,2.984,2.984,1.409,1.409
Zambia,5.220000000000001,5.220000000000001,4.911666666666667,5.220000000000001,4.345000000000001,7.025,5.925,5.8950000000000005,3.54,2.7399999999999998,3.912,0.848,1.013,0.233,0.872,0.131,0.107,3.912,1.3080000000000007,1.3080000000000007,1.3080000000000007,1.3080000000000007,3.4970000000000008,3.4970000000000008,6.0120000000000005,6.0120000000000005,5.692,5.692,5.023000000000001,5.023000000000001,3.409,3.409,2.6329999999999996,2.6329999999999996
Zimbabwe,4.705,4.705,4.467499999999999,4.705,3.685,6.965000000000001,5.865,5.075,3.3049999999999997,1.9100000000000001,3.396,0.827,0.961,0.178,0.598,0.065,0.131,3.396,1.3090000000000002,1.3090000000000002,1.3090000000000002,1.3090000000000002,2.858,2.858,6.0040000000000004,6.0040000000000004,5.687,5.687,4.477,4.477,3.2399999999999998,3.2399999999999998,1.7790000000000001,1.7790000000000001
