grouping,group_value,metric,mean_bias,std_bias,median_bias,count,p_value_anova,p_value_vs_real,p_value_vs_zero,p_value,f_statistic,t_statistic,significant,significantly_different_from_real
global_north_south,Global North,diff_overall_happiness,-0.2681315789473683,0.3504881669786216,-0.2665000000000001,38,0.0011201973630736,3.3811606728287354e-05,3.3811606728287605e-05,3.3811606728287354e-05,11.055163759364182,-4.715919724622711,True,True
global_north_south,Global South,diff_overall_happiness,0.1630091743119266,0.77070920316354,0.0449999999999999,109,0.0011201973630736,0.0293451738314479,0.0293451738314479,0.0293451738314479,11.055163759364182,2.2081814212095456,True,True
global_north_south,Global North,diff_life_evaluation,-0.2681315789473683,0.3504881669786216,-0.2665000000000001,38,0.0011201973630736,3.3811606728287354e-05,3.3811606728287605e-05,3.3811606728287354e-05,11.055163759364182,-4.715919724622711,True,True
global_north_south,Global South,diff_life_evaluation,0.1630091743119266,0.77070920316354,0.0449999999999999,109,0.0011201973630736,0.0293451738314479,0.0293451738314479,0.0293451738314479,11.055163759364182,2.2081814212095456,True,True
global_north_south,Global North,diff_gdp,4.192394736842106,0.4547133661736325,4.0825,38,5.9644625557906615e-16,1.308204349248045e-37,1.308204349248045e-37,1.308204349248045e-37,83.05905991289974,56.83504982322094,True,True
global_north_south,Global South,diff_gdp,3.449174311926605,0.4251463330656846,3.504,109,5.9644625557906615e-16,1.3482431857471463e-100,1.3482431857471463e-100,1.3482431857471463e-100,83.05905991289974,84.7012762864659,True,True
global_north_south,Global North,diff_social_support,5.984184210526315,0.1867248091137034,5.984,38,0.0796928223771614,1.508391849043988e-57,1.508391849043988e-57,1.508391849043988e-57,3.1147267557937712,197.558048760683,True,True
global_north_south,Global South,diff_social_support,5.900064220183486,0.2720277516898458,5.885999999999999,109,0.0796928223771614,2.0178032813238236e-146,2.0178032813238236e-146,2.0178032813238236e-146,3.1147267557937712,226.4418924110499,True,True
global_north_south,Global North,diff_health,5.808552631578947,0.1380819767029169,5.8105,38,1.7143031245060054e-09,6.4697810248950875e-62,6.4697810248950875e-62,6.4697810248950875e-62,41.41084500776434,259.31206978681035,True,True
global_north_south,Global South,diff_health,5.566314814814815,0.2168215446130218,5.577,108,1.7143031245060054e-09,6.648492031639944e-153,6.648492031639944e-153,6.648492031639944e-153,41.41084500776434,266.79470679142776,True,True
global_north_south,Global North,diff_freedom,5.894447368421052,0.3381352438019374,5.916499999999999,38,7.440995104173095e-15,8.821629967588003e-48,8.821629967587878e-48,8.821629967588003e-48,75.46832359730288,107.45941029129176,True,True
global_north_south,Global South,diff_freedom,4.936759259259259,0.6482346100961821,5.1165,108,7.440995104173095e-15,8.654003795065525e-97,8.654003795065525e-97,8.654003795065525e-97,75.46832359730288,79.14465900397775,True,True
global_north_south,Global North,diff_generosity,3.6797894736842105,0.2836989418660769,3.673,38,2.6191428502120338e-17,4.739687494833481e-43,4.7396874948334136e-43,4.739687494833481e-43,92.99441960687876,79.95710385929068,True,True
global_north_south,Global South,diff_generosity,3.2962568807339454,0.1796258665109504,3.2780000000000005,109,2.6191428502120338e-17,1.3346404879285005e-138,1.3346404879285005e-138,1.3346404879285005e-138,92.99441960687876,191.58672876809683,True,True
global_north_south,Global North,diff_corruption,5.415736842105264,1.5862418731793697,5.4725,38,1.0895025698765711e-26,3.4747025724493084e-22,3.4747025724493084e-22,3.4747025724493084e-22,175.4254551289437,21.04650280032896,True,True
global_north_south,Global South,diff_corruption,2.6681666666666666,0.8705538842717094,2.5275,108,1.0895025698765711e-26,2.0656347399927146e-56,2.0656347399927146e-56,2.0656347399927146e-56,175.4254551289437,31.851447543154972,True,True
world_123,World 1,diff_overall_happiness,-0.3507272727272727,0.3773230498958206,-0.3345000000000002,22,0.0009604860761773,0.0002748409042072,0.0002748409042072,0.0002748409042072,7.294368114988486,-4.359809791249415,True,True
world_123,World 1,diff_life_evaluation,-0.3507272727272727,0.3773230498958206,-0.3345000000000002,22,0.0009604860761773,0.0002748409042072,0.0002748409042072,0.0002748409042072,7.294368114988486,-4.359809791249415,True,True
world_123,World 1,diff_gdp,4.416181818181818,0.4376024110192609,4.4255,22,4.0933417084946065e-15,7.934553496457831e-23,7.934553496457831e-23,7.934553496457831e-23,42.06824149950712,47.334585634479,True,True
world_123,World 2,diff_gdp,3.51676724137931,0.431985574593263,3.5805,116,4.0933417084946065e-15,3.624719258953888e-107,3.624719258953888e-107,3.624719258953888e-107,42.06824149950712,87.68057220887904,True,True
world_123,World 3,diff_gdp,3.352222222222222,0.4319906763397152,3.504,9,4.0933417084946065e-15,1.2315936008463433e-08,1.2315936008463433e-08,1.2315936008463433e-08,42.06824149950712,23.279823425536524,True,True
world_123,World 1,diff_social_support,6.0387272727272725,0.192621064421507,6.038500000000001,22,0.0380549712979429,3.964770418313622e-33,3.9647704183135656e-33,3.964770418313622e-33,3.344057542493403,147.04591968869337,True,True
world_123,World 2,diff_social_support,5.894775862068966,0.2373426833195774,5.890499999999999,116,0.0380549712979429,1.5106476167375596e-162,1.5106476167374738e-162,1.5106476167375596e-162,3.344057542493403,267.4979407358985,True,True
world_123,World 3,diff_social_support,5.984444444444445,0.4747668141074918,5.98,9,0.0380549712979429,2.6252901635628067e-10,2.6252901635628067e-10,2.6252901635628067e-10,3.344057542493403,37.81505530685329,True,True
world_123,World 1,diff_health,5.852454545454545,0.1527041107977959,5.8205,22,7.764177191090078e-09,5.854087695287995e-35,5.854087695287995e-35,5.854087695287995e-35,21.33917669172935,179.76231871058775,True,True
world_123,World 2,diff_health,5.605834782608696,0.2029338294381566,5.649,115,7.764177191090078e-09,2.0791616853362362e-166,2.0791616853362362e-166,2.0791616853362362e-166,21.33917669172935,296.233904863207,True,True
world_123,World 3,diff_health,5.384666666666667,0.2508022129088977,5.404,9,7.764177191090078e-09,3.755054262095691e-12,3.755054262095691e-12,3.755054262095691e-12,21.33917669172935,64.4093200480166,True,True
world_123,World 1,diff_freedom,5.9535909090909085,0.3944093424821848,6.048,22,2.7748978255952573e-10,1.7775601690337663e-26,1.7775601690337663e-26,1.7775601690337663e-26,25.7673139560428,70.80161045830914,True,True
world_123,World 2,diff_freedom,5.103721739130434,0.6409621132825368,5.2330000000000005,115,2.7748978255952573e-10,3.592287521239545e-105,3.592287521239545e-105,3.592287521239545e-105,25.7673139560428,85.38931876767799,True,True
world_123,World 3,diff_freedom,4.3613333333333335,0.7914166096311099,4.59,9,2.7748978255952573e-10,1.808918368773228e-07,1.808918368773231e-07,1.808918368773228e-07,25.7673139560428,16.53237983733831,True,True
world_123,World 1,diff_generosity,3.8448636363636366,0.2355555329235743,3.7995,22,1.9509272183921032e-23,3.462475346983491e-27,3.462475346983417e-27,3.462475346983491e-27,76.84896354161742,76.55947950168985,True,True
world_123,World 2,diff_generosity,3.32875,0.1801376225097862,3.3155,116,1.9509272183921032e-23,8.219314425974527e-148,8.219314425974063e-148,8.219314425974527e-148,76.84896354161742,199.02413612431388,True,True
world_123,World 3,diff_generosity,3.1557777777777773,0.1710224968957138,3.093,9,1.9509272183921032e-23,1.2581901215709763e-11,1.2581901215709718e-11,1.2581901215709763e-11,76.84896354161742,55.35723957478136,True,True
world_123,World 1,diff_corruption,6.216818181818183,1.4954802584665583,6.475499999999999,22,9.250236959748601e-26,6.2295467455830915e-15,6.2295467455830915e-15,6.2295467455830915e-15,88.61417355874889,19.49839311543737,True,True
world_123,World 2,diff_corruption,2.9414434782608696,1.0396937740061225,2.6479999999999997,115,9.250236959748601e-26,2.0052469884475608e-56,2.0052469884475608e-56,2.0052469884475608e-56,88.61417355874889,30.33919018758694,True,True
world_123,World 3,diff_corruption,2.1026666666666665,0.5420631881985715,2.147,9,9.250236959748601e-26,2.708344715100735e-06,2.7083447151007305e-06,2.708344715100735e-06,88.61417355874889,11.63701970053207,True,True
continent,Africa,diff_overall_happiness,0.4345000000000001,0.6560496793827294,0.5935000000000001,12,1.2759445343290988e-07,0.0424580335296365,0.0424580335296365,0.0424580335296365,8.212427939808402,2.294265509272922,True,True
continent,Europe,diff_overall_happiness,-0.2722727272727271,0.2951466026324114,-0.2480000000000002,33,1.2759445343290988e-07,8.316111481923071e-06,8.316111481923071e-06,8.316111481923071e-06,8.212427939808402,-5.299358775645228,True,True
continent,North America,diff_overall_happiness,-0.7283333333333334,0.289540584374626,-0.6990000000000007,9,1.2759445343290988e-07,6.630430851952691e-05,6.630430851952691e-05,6.630430851952691e-05,8.212427939808402,-7.546437763532686,True,True
continent,Oceania,diff_overall_happiness,-0.3980000000000001,0.0226274169979701,-0.3980000000000001,2,1.2759445343290988e-07,0.0255789810270743,0.0255789810270743,0.0255789810270743,8.212427939808402,-24.874999999999297,True,True
continent,Other,diff_overall_happiness,0.2925689655172413,0.7395733267814831,0.1754999999999999,58,1.2759445343290988e-07,0.0038571964607221,0.0038571964607221,0.0038571964607221,8.212427939808402,3.0127355578021886,True,True
continent,South America,diff_overall_happiness,-0.5246999999999998,0.2866643604558397,-0.4189999999999996,10,1.2759445343290988e-07,0.0002633690198216,0.0002633690198216,0.0002633690198216,8.212427939808402,-5.7881178031754414,True,True
continent,Africa,diff_life_evaluation,0.4345000000000001,0.6560496793827294,0.5935000000000001,12,1.2759445343290988e-07,0.0424580335296365,0.0424580335296365,0.0424580335296365,8.212427939808402,2.294265509272922,True,True
continent,Europe,diff_life_evaluation,-0.2722727272727271,0.2951466026324114,-0.2480000000000002,33,1.2759445343290988e-07,8.316111481923071e-06,8.316111481923071e-06,8.316111481923071e-06,8.212427939808402,-5.299358775645228,True,True
continent,North America,diff_life_evaluation,-0.7283333333333334,0.289540584374626,-0.6990000000000007,9,1.2759445343290988e-07,6.630430851952691e-05,6.630430851952691e-05,6.630430851952691e-05,8.212427939808402,-7.546437763532686,True,True
continent,Oceania,diff_life_evaluation,-0.3980000000000001,0.0226274169979701,-0.3980000000000001,2,1.2759445343290988e-07,0.0255789810270743,0.0255789810270743,0.0255789810270743,8.212427939808402,-24.874999999999297,True,True
continent,Other,diff_life_evaluation,0.2925689655172413,0.7395733267814831,0.1754999999999999,58,1.2759445343290988e-07,0.0038571964607221,0.0038571964607221,0.0038571964607221,8.212427939808402,3.0127355578021886,True,True
continent,South America,diff_life_evaluation,-0.5246999999999998,0.2866643604558397,-0.4189999999999996,10,1.2759445343290988e-07,0.0002633690198216,0.0002633690198216,0.0002633690198216,8.212427939808402,-5.7881178031754414,True,True
continent,Africa,diff_gdp,3.300666666666667,0.4647527853764317,3.2835,12,2.111414968885284e-05,5.7366442081685965e-11,5.7366442081685965e-11,5.7366442081685965e-11,5.7798415316082155,24.60199291064039,True,True
continent,Asia,diff_gdp,3.709608695652174,0.805604275691147,3.801,23,2.111414968885284e-05,1.662956838806327e-16,1.662956838806327e-16,1.662956838806327e-16,5.7798415316082155,22.08361953702473,True,True
continent,Europe,diff_gdp,4.009363636363636,0.5008135767292694,3.955000000000001,33,2.111414968885284e-05,8.357791728069161e-31,8.357791728069161e-31,8.357791728069161e-31,5.7798415316082155,45.98924959714725,True,True
continent,North America,diff_gdp,3.723888888888889,0.1766008525209068,3.803,9,2.111414968885284e-05,4.336048733516805e-12,4.3360487335168196e-12,4.336048733516805e-12,5.7798415316082155,63.25941527006,True,True
continent,Oceania,diff_gdp,4.0825,0.0077781745930514,4.0825,2,2.111414968885284e-05,0.00085766237102,0.00085766237102,0.00085766237102,5.7798415316082155,742.272727272779,True,True
continent,Other,diff_gdp,3.453241379310345,0.3633798607105158,3.4325,58,2.111414968885284e-05,8.645138794385717e-58,8.645138794385717e-58,8.645138794385717e-58,5.7798415316082155,72.37358386671606,True,True
continent,South America,diff_gdp,3.6065,0.4466037891066806,3.7245,10,2.111414968885284e-05,1.042424010099434e-09,1.042424010099434e-09,1.042424010099434e-09,5.7798415316082155,25.536627004911047,True,True
continent,Africa,diff_social_support,5.932333333333333,0.284969004162441,5.859999999999999,12,0.9413182900078024,4.530891963519413e-16,4.530891963519413e-16,4.530891963519413e-16,0.2891068469440498,72.11382705264778,True,True
continent,Asia,diff_social_support,5.954217391304348,0.352395046467318,5.9430000000000005,23,0.9413182900078024,9.697000622359575e-29,9.697000622359575e-29,9.697000622359575e-29,0.2891068469440498,81.03242014363133,True,True
continent,Europe,diff_social_support,5.935636363636363,0.2139861003344928,5.969999999999999,33,0.9413182900078024,5.559550411943663e-48,5.559550411943663e-48,5.559550411943663e-48,0.2891068469440498,159.3450924367447,True,True
continent,North America,diff_social_support,5.903333333333333,0.1377833444215955,5.916,9,0.9413182900078024,1.5006742341262215e-14,1.5006742341262215e-14,1.5006742341262215e-14,0.2891068469440498,128.5351293681054,True,True
continent,Oceania,diff_social_support,5.955500000000001,0.0318198051533942,5.955500000000001,2,0.9413182900078024,0.0024051509912199,0.0024051509912198,0.0024051509912199,0.2891068469440498,264.6888888888893,True,True
continent,Other,diff_social_support,5.915724137931035,0.2643234855648916,5.900499999999999,58,0.9413182900078024,6.922622543306913e-79,6.922622543306913e-79,6.922622543306913e-79,0.2891068469440498,170.44574262889174,True,True
continent,South America,diff_social_support,5.8342,0.1244648991126056,5.8695,10,0.9413182900078024,1.4714091151266312e-16,1.4714091151266312e-16,1.4714091151266312e-16,0.2891068469440498,148.2294241709295,True,True
continent,Africa,diff_health,5.591916666666666,0.2164122573966531,5.598000000000001,12,1.3457902449381632e-05,4.221409175322538e-17,4.221409175322538e-17,4.221409175322538e-17,5.99445036794147,89.50956747894136,True,True
continent,Asia,diff_health,5.559608695652174,0.2692649487924882,5.562,23,1.3457902449381632e-05,1.191683861747593e-30,1.191683861747593e-30,1.191683861747593e-30,5.99445036794147,99.02123079688428,True,True
continent,Europe,diff_health,5.777666666666667,0.1664883003897472,5.772,33,1.3457902449381632e-05,4.314402109979889e-51,4.314402109979889e-51,4.314402109979889e-51,5.99445036794147,199.35435727185288,True,True
continent,North America,diff_health,5.730555555555556,0.1245242055898281,5.735,9,1.3457902449381632e-05,8.473216879285364e-15,8.473216879285364e-15,8.473216879285364e-15,5.99445036794147,138.05883430643604,True,True
continent,Oceania,diff_health,5.814499999999999,0.000707106781187,5.814499999999999,2,1.3457902449381632e-05,5.474415433817259e-05,5.474415433817259e-05,5.474415433817259e-05,5.99445036794147,11628.999999996116,True,True
continent,Other,diff_health,5.5422982456140355,0.2103512339018005,5.532,57,1.3457902449381632e-05,1.7063376925143054e-81,1.7063376925143054e-81,1.7063376925143054e-81,5.99445036794147,198.9217432630393,True,True
continent,South America,diff_health,5.7135,0.1725219792760719,5.7275,10,1.3457902449381632e-05,3.348831623595625e-15,3.348831623595625e-15,3.348831623595625e-15,5.99445036794147,104.72679183943228,True,True
continent,Africa,diff_freedom,4.916916666666666,0.508059312631424,5.0625,12,8.937371170137624e-11,1.988435275269226e-12,1.988435275269226e-12,1.988435275269226e-12,11.92870714451039,33.52502068760277,True,True
continent,Asia,diff_freedom,4.858,0.7720866649423613,5.116,23,8.937371170137624e-11,2.1415317693833884e-19,2.1415317693834036e-19,2.1415317693833884e-19,11.92870714451039,30.17556266431888,True,True
continent,Europe,diff_freedom,5.881545454545455,0.4031614976430888,5.893999999999999,33,8.937371170137624e-11,4.498759639026775e-39,4.498759639026775e-39,4.498759639026775e-39,11.92870714451039,83.80489337304789,True,True
continent,North America,diff_freedom,5.270444444444444,0.7106718847525754,5.426,9,8.937371170137624e-11,1.7609757921099883e-08,1.7609757921099883e-08,1.7609757921099883e-08,11.92870714451039,22.248429510952366,True,True
continent,Oceania,diff_freedom,6.0634999999999994,0.0205060966544098,6.0634999999999994,2,8.937371170137624e-11,0.0015223829641795,0.0015223829641795,0.0015223829641795,11.92870714451039,418.1724137931046,True,True
continent,Other,diff_freedom,4.907280701754386,0.6347853898980902,5.057,57,8.937371170137624e-11,7.513281587488173e-52,7.513281587488173e-52,7.513281587488173e-52,11.92870714451039,58.36485435115768,True,True
continent,South America,diff_freedom,5.3055,0.4383403674974251,5.378500000000001,10,8.937371170137624e-11,2.8167951423593735e-11,2.8167951423593735e-11,2.8167951423593735e-11,11.92870714451039,38.27496933903058,True,True
continent,Africa,diff_generosity,3.301,0.1730380935464263,3.302,12,8.789086100450071e-06,1.1815743900888849e-15,1.1815743900888849e-15,1.1815743900888849e-15,6.189427432197699,66.08371137943503,True,True
continent,Asia,diff_generosity,3.4791304347826086,0.3943736465872557,3.3560000000000003,23,8.789086100450071e-06,1.4293220882777708e-22,1.4293220882777708e-22,1.4293220882777708e-22,6.189427432197699,42.3084137523765,True,True
continent,Europe,diff_generosity,3.5569696969696967,0.2742490297212194,3.457,33,8.789086100450071e-06,1.9030953349801103e-37,1.903095334980137e-37,1.9030953349801103e-37,6.189427432197699,74.50613508769996,True,True
continent,North America,diff_generosity,3.425555555555556,0.2224584855153377,3.378,9,8.789086100450071e-06,5.327720937149347e-11,5.327720937149347e-11,5.327720937149347e-11,6.189427432197699,46.19588523611576,True,True
continent,Oceania,diff_generosity,3.797,0.0014142135623734,3.797,2,8.789086100450071e-06,0.0001676638813928,0.0001676638813928,0.0001676638813928,6.189427432197699,3796.999999999575,True,True
continent,Other,diff_generosity,3.2913103448275867,0.1687697701891648,3.274,58,8.789086100450071e-06,1.7426271777849848e-75,1.7426271777849848e-75,1.7426271777849848e-75,6.189427432197699,148.52110528499634,True,True
continent,South America,diff_generosity,3.2792000000000003,0.1513809029494069,3.3,10,8.789086100450071e-06,1.5212307280351114e-13,1.5212307280351114e-13,1.5212307280351114e-13,6.189427432197699,68.50098461025708,True,True
continent,Africa,diff_corruption,2.5516666666666667,0.6875784032429034,2.439,12,3.404911348930425e-12,5.7135499366254795e-08,5.7135499366255e-08,5.7135499366254795e-08,13.709374150528468,12.855599564505958,True,True
continent,Asia,diff_corruption,3.2347272727272727,1.697387184884832,2.811,22,3.404911348930425e-12,1.3305416681191631e-08,1.3305416681191631e-08,1.3305416681191631e-08,13.709374150528468,8.938570948242488,True,True
continent,Europe,diff_corruption,4.986818181818181,1.7921554664451105,4.851,33,3.404911348930425e-12,8.20231638120532e-17,8.20231638120532e-17,8.20231638120532e-17,13.709374150528468,15.984712257789386,True,True
continent,North America,diff_corruption,3.1093333333333333,1.262723049603515,2.948,9,3.404911348930425e-12,7.713407073195118e-05,7.713407073195118e-05,7.713407073195118e-05,13.709374150528468,7.387209731325426,True,True
continent,Oceania,diff_corruption,6.602999999999999,0.6052834046956846,6.602999999999999,2,3.404911348930425e-12,0.0412074242557547,0.0412074242557547,0.0412074242557547,13.709374150528468,15.427570093457945,True,True
continent,Other,diff_corruption,2.7027241379310345,0.8553682451703097,2.534,58,3.404911348930425e-12,1.5291825187310802e-31,1.5291825187310802e-31,1.5291825187310802e-31,13.709374150528468,24.06371047609571,True,True
continent,South America,diff_corruption,2.9663,1.4695101262363288,2.565,10,3.404911348930425e-12,0.0001277641647634,0.0001277641647634,0.0001277641647634,13.709374150528468,6.383259329680124,True,True
region,Africa,diff_overall_happiness,0.4345000000000001,0.6560496793827294,0.5935000000000001,12,4.88603417672964e-09,0.0424580335296365,0.0424580335296365,0.0424580335296365,7.63810896500469,2.294265509272922,True,True
region,Eastern Europe,diff_overall_happiness,-0.3066923076923074,0.3259673768480992,-0.2169999999999996,13,4.88603417672964e-09,0.0053447570728819,0.0053447570728819,0.0053447570728819,7.63810896500469,-3.39234819099794,True,True
region,Latin America,diff_overall_happiness,-0.5246999999999998,0.2866643604558397,-0.4189999999999996,10,4.88603417672964e-09,0.0002633690198216,0.0002633690198216,0.0002633690198216,7.63810896500469,-5.7881178031754414,True,True
region,North America,diff_overall_happiness,-0.7283333333333334,0.289540584374626,-0.6990000000000007,9,4.88603417672964e-09,6.630430851952691e-05,6.630430851952691e-05,6.630430851952691e-05,7.63810896500469,-7.546437763532686,True,True
region,Oceania,diff_overall_happiness,-0.3980000000000001,0.0226274169979701,-0.3980000000000001,2,4.88603417672964e-09,0.0255789810270743,0.0255789810270743,0.0255789810270743,7.63810896500469,-24.874999999999297,True,True
region,Other,diff_overall_happiness,0.2925689655172413,0.7395733267814831,0.1754999999999999,58,4.88603417672964e-09,0.0038571964607221,0.0038571964607221,0.0038571964607221,7.63810896500469,3.0127355578021886,True,True
region,South Asia,diff_overall_happiness,1.1009999999999998,0.7800125640013755,1.3124999999999996,6,4.88603417672964e-09,0.0180910511119091,0.0180910511119091,0.0180910511119091,7.63810896500469,3.4574932908382263,True,True
region,Western Europe,diff_overall_happiness,-0.2498999999999999,0.2797649201138624,-0.2665000000000001,20,4.88603417672964e-09,0.0007754623654513,0.0007754623654513,0.0007754623654513,7.63810896500469,-3.994735203754439,True,True
region,Africa,diff_life_evaluation,0.4345000000000001,0.6560496793827294,0.5935000000000001,12,4.88603417672964e-09,0.0424580335296365,0.0424580335296365,0.0424580335296365,7.63810896500469,2.294265509272922,True,True
region,Eastern Europe,diff_life_evaluation,-0.3066923076923074,0.3259673768480992,-0.2169999999999996,13,4.88603417672964e-09,0.0053447570728819,0.0053447570728819,0.0053447570728819,7.63810896500469,-3.39234819099794,True,True
region,Latin America,diff_life_evaluation,-0.5246999999999998,0.2866643604558397,-0.4189999999999996,10,4.88603417672964e-09,0.0002633690198216,0.0002633690198216,0.0002633690198216,7.63810896500469,-5.7881178031754414,True,True
region,North America,diff_life_evaluation,-0.7283333333333334,0.289540584374626,-0.6990000000000007,9,4.88603417672964e-09,6.630430851952691e-05,6.630430851952691e-05,6.630430851952691e-05,7.63810896500469,-7.546437763532686,True,True
region,Oceania,diff_life_evaluation,-0.3980000000000001,0.0226274169979701,-0.3980000000000001,2,4.88603417672964e-09,0.0255789810270743,0.0255789810270743,0.0255789810270743,7.63810896500469,-24.874999999999297,True,True
region,Other,diff_life_evaluation,0.2925689655172413,0.7395733267814831,0.1754999999999999,58,4.88603417672964e-09,0.0038571964607221,0.0038571964607221,0.0038571964607221,7.63810896500469,3.0127355578021886,True,True
region,South Asia,diff_life_evaluation,1.1009999999999998,0.7800125640013755,1.3124999999999996,6,4.88603417672964e-09,0.0180910511119091,0.0180910511119091,0.0180910511119091,7.63810896500469,3.4574932908382263,True,True
region,Western Europe,diff_life_evaluation,-0.2498999999999999,0.2797649201138624,-0.2665000000000001,20,4.88603417672964e-09,0.0007754623654513,0.0007754623654513,0.0007754623654513,7.63810896500469,-3.994735203754439,True,True
region,Africa,diff_gdp,3.300666666666667,0.4647527853764317,3.2835,12,4.844254753374696e-07,5.7366442081685965e-11,5.7366442081685965e-11,5.7366442081685965e-11,5.979044735132996,24.60199291064039,True,True
region,East Asia,diff_gdp,3.9235,0.2484936618910024,3.945500000000001,6,4.844254753374696e-07,2.1778511857065514e-07,2.1778511857065474e-07,2.1778511857065514e-07,5.979044735132996,38.67532448383054,True,True
region,Eastern Europe,diff_gdp,3.6588461538461536,0.3378226472953539,3.671,13,4.844254753374696e-07,5.1275287875698284e-14,5.1275287875697925e-14,5.1275287875698284e-14,5.979044735132996,39.0505418222976,True,True
region,Latin America,diff_gdp,3.6065,0.4466037891066806,3.7245,10,4.844254753374696e-07,1.042424010099434e-09,1.042424010099434e-09,1.042424010099434e-09,5.979044735132996,25.536627004911047,True,True
region,Middle East,diff_gdp,3.768272727272727,1.0900355123489411,3.689999999999999,11,4.844254753374696e-07,4.478404926262983e-07,4.478404926262983e-07,4.478404926262983e-07,5.979044735132996,11.465632635363212,True,True
region,North America,diff_gdp,3.723888888888889,0.1766008525209068,3.803,9,4.844254753374696e-07,4.336048733516805e-12,4.3360487335168196e-12,4.336048733516805e-12,5.979044735132996,63.25941527006,True,True
region,Oceania,diff_gdp,4.0825,0.0077781745930514,4.0825,2,4.844254753374696e-07,0.00085766237102,0.00085766237102,0.00085766237102,5.979044735132996,742.272727272779,True,True
region,Other,diff_gdp,3.453241379310345,0.3633798607105158,3.4325,58,4.844254753374696e-07,8.645138794385717e-58,8.645138794385717e-58,8.645138794385717e-58,5.979044735132996,72.37358386671606,True,True
region,South Asia,diff_gdp,3.3881666666666668,0.4806534787834857,3.3484999999999996,6,4.844254753374696e-07,1.193384198995084e-05,1.193384198995084e-05,1.193384198995084e-05,5.979044735132996,17.266658545455677,True,True
region,Western Europe,diff_gdp,4.2372,0.4600437736609534,4.261,20,4.844254753374696e-07,4.7879536412119367e-20,4.7879536412119367e-20,4.7879536412119367e-20,5.979044735132996,41.19028569331239,True,True
region,Africa,diff_social_support,5.932333333333333,0.284969004162441,5.859999999999999,12,0.001001354571017,4.530891963519413e-16,4.530891963519413e-16,4.530891963519413e-16,3.342428776341195,72.11382705264778,True,True
region,East Asia,diff_social_support,5.7668333333333335,0.1792544746070977,5.7909999999999995,6,0.001001354571017,6.235047188372707e-09,6.235047188372707e-09,6.235047188372707e-09,3.342428776341195,78.80304873449896,True,True
region,Eastern Europe,diff_social_support,5.736923076923077,0.1660765192807528,5.760999999999999,13,0.001001354571017,4.81303305252282e-20,4.81303305252282e-20,4.81303305252282e-20,3.342428776341195,124.54963776228436,True,True
region,Latin America,diff_social_support,5.8342,0.1244648991126056,5.8695,10,0.001001354571017,1.4714091151266312e-16,1.4714091151266312e-16,1.4714091151266312e-16,3.342428776341195,148.2294241709295,True,True
region,Middle East,diff_social_support,5.899,0.360340949657404,5.9430000000000005,11,0.001001354571017,1.088299682714167e-13,1.088299682714167e-13,1.088299682714167e-13,3.342428776341195,54.29516033886187,True,True
region,North America,diff_social_support,5.903333333333333,0.1377833444215955,5.916,9,0.001001354571017,1.5006742341262215e-14,1.5006742341262215e-14,1.5006742341262215e-14,3.342428776341195,128.5351293681054,True,True
region,Oceania,diff_social_support,5.955500000000001,0.0318198051533942,5.955500000000001,2,0.001001354571017,0.0024051509912199,0.0024051509912198,0.0024051509912199,3.342428776341195,264.6888888888893,True,True
region,Other,diff_social_support,5.915724137931035,0.2643234855648916,5.900499999999999,58,0.001001354571017,6.922622543306913e-79,6.922622543306913e-79,6.922622543306913e-79,3.342428776341195,170.44574262889174,True,True
region,South Asia,diff_social_support,6.2428333333333335,0.325233095896876,6.2555,6,0.001001354571017,8.220309035044112e-08,8.220309035044112e-08,8.220309035044112e-08,3.342428776341195,47.017835542645976,True,True
region,Western Europe,diff_social_support,6.0648,0.1229696582174043,6.038500000000001,20,0.001001354571017,7.5221080407525016e-34,7.5221080407525016e-34,7.5221080407525016e-34,3.342428776341195,220.56343437118448,True,True
region,Africa,diff_health,5.591916666666666,0.2164122573966531,5.598000000000001,12,2.1974986928224315e-05,4.221409175322538e-17,4.221409175322538e-17,4.221409175322538e-17,4.655636642948572,89.50956747894136,True,True
region,East Asia,diff_health,5.594,0.1314944865764339,5.582,6,2.1974986928224315e-05,1.5432018106870316e-09,1.5432018106870316e-09,1.5432018106870316e-09,4.655636642948572,104.2054764263008,True,True
region,Eastern Europe,diff_health,5.709538461538462,0.1634587692073117,5.73,13,2.1974986928224315e-05,4.213044924148002e-20,4.213044924148002e-20,4.213044924148002e-20,4.655636642948572,125.94022200302888,True,True
region,Latin America,diff_health,5.7135,0.1725219792760719,5.7275,10,2.1974986928224315e-05,3.348831623595625e-15,3.348831623595625e-15,3.348831623595625e-15,4.655636642948572,104.72679183943228,True,True
region,Middle East,diff_health,5.607454545454545,0.3469459219060988,5.606,11,2.1974986928224315e-05,1.236465421643973e-13,1.236465421643973e-13,1.236465421643973e-13,4.655636642948572,53.60438495449193,True,True
region,North America,diff_health,5.730555555555556,0.1245242055898281,5.735,9,2.1974986928224315e-05,8.473216879285364e-15,8.473216879285364e-15,8.473216879285364e-15,4.655636642948572,138.05883430643604,True,True
region,Oceania,diff_health,5.814499999999999,0.000707106781187,5.814499999999999,2,2.1974986928224315e-05,5.474415433817259e-05,5.474415433817259e-05,5.474415433817259e-05,4.655636642948572,11628.999999996116,True,True
region,Other,diff_health,5.5422982456140355,0.2103512339018005,5.532,57,2.1974986928224315e-05,1.7063376925143054e-81,1.7063376925143054e-81,1.7063376925143054e-81,4.655636642948572,198.9217432630393,True,True
region,South Asia,diff_health,5.4375,0.1913998432601242,5.463,6,2.1974986928224315e-05,1.160584721359916e-08,1.160584721359916e-08,1.160584721359916e-08,4.655636642948572,69.58783376996851,True,True
region,Western Europe,diff_health,5.82195,0.1567436643561376,5.7780000000000005,20,2.1974986928224315e-05,1.639947296910112e-31,1.639947296910112e-31,1.639947296910112e-31,4.655636642948572,166.10911854180017,True,True
region,Africa,diff_freedom,4.916916666666666,0.508059312631424,5.0625,12,9.307802291451239e-11,1.988435275269226e-12,1.988435275269226e-12,1.988435275269226e-12,9.151452568558607,33.52502068760277,True,True
region,East Asia,diff_freedom,5.2845,0.3682953977447996,5.3335,6,9.307802291451239e-11,3.5085540577010336e-07,3.5085540577010336e-07,3.5085540577010336e-07,9.151452568558607,35.14659326453796,True,True
region,Eastern Europe,diff_freedom,5.6516153846153845,0.48422800044014,5.7860000000000005,13,9.307802291451239e-11,2.1034180270883454e-14,2.1034180270883454e-14,2.1034180270883454e-14,9.151452568558607,42.08180658679386,True,True
region,Latin America,diff_freedom,5.3055,0.4383403674974251,5.378500000000001,10,9.307802291451239e-11,2.8167951423593735e-11,2.8167951423593735e-11,2.8167951423593735e-11,9.151452568558607,38.27496933903058,True,True
region,Middle East,diff_freedom,4.784545454545455,0.8132280570216895,4.945,11,9.307802291451239e-11,2.7305043321467526e-09,2.7305043321467526e-09,2.7305043321467526e-09,9.151452568558607,19.513028268163243,True,True
region,North America,diff_freedom,5.270444444444444,0.7106718847525754,5.426,9,9.307802291451239e-11,1.7609757921099883e-08,1.7609757921099883e-08,1.7609757921099883e-08,9.151452568558607,22.248429510952366,True,True
region,Oceania,diff_freedom,6.0634999999999994,0.0205060966544098,6.0634999999999994,2,9.307802291451239e-11,0.0015223829641795,0.0015223829641795,0.0015223829641795,9.151452568558607,418.1724137931046,True,True
region,Other,diff_freedom,4.907280701754386,0.6347853898980902,5.057,57,9.307802291451239e-11,7.513281587488173e-52,7.513281587488173e-52,7.513281587488173e-52,9.151452568558607,58.36485435115768,True,True
region,South Asia,diff_freedom,4.566166666666667,0.912274172969216,4.8825,6,9.307802291451239e-11,6.387424663803285e-05,6.387424663803285e-05,6.387424663803285e-05,9.151452568558607,12.260325618377315,True,True
region,Western Europe,diff_freedom,6.031000000000001,0.2568552736054827,5.98,20,9.307802291451239e-11,9.888826170436407e-28,9.888826170436407e-28,9.888826170436407e-28,9.151452568558607,105.00641690553456,True,True
region,Africa,diff_generosity,3.301,0.1730380935464263,3.302,12,3.708624685382157e-10,1.1815743900888849e-15,1.1815743900888849e-15,1.1815743900888849e-15,8.605438890564553,66.08371137943503,True,True
region,East Asia,diff_generosity,3.4058333333333337,0.2096915989415569,3.399,6,3.708624685382157e-10,1.891379434446453e-07,1.891379434446446e-07,1.891379434446453e-07,8.605438890564553,39.78487387067041,True,True
region,Eastern Europe,diff_generosity,3.3634615384615385,0.1918578533639838,3.357,13,3.708624685382157e-10,1.6285467490222527e-16,1.6285467490222527e-16,1.6285467490222527e-16,8.605438890564553,63.20894780870419,True,True
region,Latin America,diff_generosity,3.2792000000000003,0.1513809029494069,3.3,10,3.708624685382157e-10,1.5212307280351114e-13,1.5212307280351114e-13,1.5212307280351114e-13,8.605438890564553,68.50098461025708,True,True
region,Middle East,diff_generosity,3.661181818181818,0.4817727302747258,3.631,11,3.708624685382157e-10,2.2143872151887095e-10,2.2143872151887095e-10,2.2143872151887095e-10,8.605438890564553,25.20434557027748,True,True
region,North America,diff_generosity,3.425555555555556,0.2224584855153377,3.378,9,3.708624685382157e-10,5.327720937149347e-11,5.327720937149347e-11,5.327720937149347e-11,8.605438890564553,46.19588523611576,True,True
region,Oceania,diff_generosity,3.797,0.0014142135623734,3.797,2,3.708624685382157e-10,0.0001676638813928,0.0001676638813928,0.0001676638813928,8.605438890564553,3796.999999999575,True,True
region,Other,diff_generosity,3.2913103448275867,0.1687697701891648,3.274,58,3.708624685382157e-10,1.7426271777849848e-75,1.7426271777849848e-75,1.7426271777849848e-75,8.605438890564553,148.52110528499634,True,True
region,South Asia,diff_generosity,3.218666666666667,0.1240301038726756,3.2645,6,3.708624685382157e-10,1.8240232035055482e-08,1.8240232035055548e-08,1.8240232035055482e-08,8.605438890564553,63.56594680862011,True,True
region,Western Europe,diff_generosity,3.68275,0.2472888519844545,3.673,20,3.708624685382157e-10,5.5213383158614005e-24,5.5213383158614005e-24,5.5213383158614005e-24,8.605438890564553,66.60129866796443,True,True
region,Africa,diff_corruption,2.5516666666666667,0.6875784032429034,2.439,12,1.3101649010363513e-15,5.7135499366254795e-08,5.7135499366255e-08,5.7135499366254795e-08,13.820859436172997,12.855599564505958,True,True
region,East Asia,diff_corruption,4.407,2.0303401685431925,3.556,6,1.3101649010363513e-15,0.0031484185048277,0.0031484185048277,0.0031484185048277,13.820859436172997,5.316794428684831,True,True
region,Eastern Europe,diff_corruption,3.862615384615384,1.3598649159911398,3.485,13,1.3101649010363513e-15,2.766131326906437e-07,2.766131326906437e-07,2.766131326906437e-07,13.820859436172997,10.24135387482676,True,True
region,Latin America,diff_corruption,2.9663,1.4695101262363288,2.565,10,1.3101649010363513e-15,0.0001277641647634,0.0001277641647634,0.0001277641647634,13.820859436172997,6.383259329680124,True,True
region,Middle East,diff_corruption,3.1004,1.6774475451311932,3.034,10,1.3101649010363513e-15,0.0002453476678429,0.0002453476678429,0.0002453476678429,13.820859436172997,5.8447882236575355,True,True
region,North America,diff_corruption,3.1093333333333333,1.262723049603515,2.948,9,1.3101649010363513e-15,7.713407073195118e-05,7.713407073195118e-05,7.713407073195118e-05,13.820859436172997,7.387209731325426,True,True
region,Oceania,diff_corruption,6.602999999999999,0.6052834046956846,6.602999999999999,2,1.3101649010363513e-15,0.0412074242557547,0.0412074242557547,0.0412074242557547,13.820859436172997,15.427570093457945,True,True
region,Other,diff_corruption,2.7027241379310345,0.8553682451703097,2.534,58,1.3101649010363513e-15,1.5291825187310802e-31,1.5291825187310802e-31,1.5291825187310802e-31,13.820859436172997,24.06371047609571,True,True
region,South Asia,diff_corruption,2.2863333333333333,0.3860635526265935,2.289,6,1.3101649010363513e-15,2.8097010845548057e-05,2.8097010845548007e-05,2.8097010845548057e-05,13.820859436172997,14.506290507045131,True,True
region,Western Europe,diff_corruption,5.71755,1.677690971951754,5.9395,20,1.3101649010363513e-15,4.157012329067986e-12,4.157012329067986e-12,4.157012329067986e-12,13.820859436172997,15.240983802732869,True,True
income_level,High Income,diff_overall_happiness,-0.3507272727272727,0.3773230498958206,-0.3345000000000002,22,1.1878607290279551e-08,0.0002748409042072,0.0002748409042072,0.0002748409042072,15.227347406565752,-4.359809791249415,True,True
income_level,Lower Middle Income,diff_overall_happiness,0.6058,0.6166150870009923,0.6440000000000001,30,1.1878607290279551e-08,8.796741926986315e-06,8.796741926986283e-06,8.796741926986315e-06,15.227347406565752,5.38115807302807,True,True
income_level,High Income,diff_life_evaluation,-0.3507272727272727,0.3773230498958206,-0.3345000000000002,22,1.1878607290279551e-08,0.0002748409042072,0.0002748409042072,0.0002748409042072,15.227347406565752,-4.359809791249415,True,True
income_level,Lower Middle Income,diff_life_evaluation,0.6058,0.6166150870009923,0.6440000000000001,30,1.1878607290279551e-08,8.796741926986315e-06,8.796741926986283e-06,8.796741926986315e-06,15.227347406565752,5.38115807302807,True,True
income_level,High Income,diff_gdp,4.416181818181818,0.4376024110192609,4.4255,22,4.391117205271484e-15,7.934553496457831e-23,7.934553496457831e-23,7.934553496457831e-23,29.94441096344349,47.334585634479,True,True
income_level,Low Income,diff_gdp,3.352222222222222,0.4319906763397152,3.504,9,4.391117205271484e-15,1.2315936008463433e-08,1.2315936008463433e-08,1.2315936008463433e-08,29.94441096344349,23.279823425536524,True,True
income_level,Lower Middle Income,diff_gdp,3.3826666666666667,0.348335780665659,3.324,30,4.391117205271484e-15,1.822998852592279e-30,1.822998852592253e-30,1.822998852592279e-30,29.94441096344349,53.18899006911001,True,True
income_level,Upper Middle Income,diff_gdp,3.563546511627907,0.4500176116024726,3.634,86,4.391117205271484e-15,1.120035933852327e-78,1.1200359338522636e-78,1.120035933852327e-78,29.94441096344349,73.43483896577831,True,True
income_level,High Income,diff_social_support,6.0387272727272725,0.192621064421507,6.038500000000001,22,9.437279890000877e-05,3.964770418313622e-33,3.9647704183135656e-33,3.964770418313622e-33,7.600258364546701,147.04591968869337,True,True
income_level,Low Income,diff_social_support,5.984444444444445,0.4747668141074918,5.98,9,9.437279890000877e-05,2.6252901635628067e-10,2.6252901635628067e-10,2.6252901635628067e-10,7.600258364546701,37.81505530685329,True,True
income_level,Lower Middle Income,diff_social_support,6.0425,0.2915101879097406,5.997999999999999,30,9.437279890000877e-05,5.74765251089945e-40,5.74765251089945e-40,5.74765251089945e-40,7.600258364546701,113.53337519543948,True,True
income_level,Upper Middle Income,diff_social_support,5.843244186046512,0.1919164607504437,5.86,86,9.437279890000877e-05,3.9771948878063047e-128,3.9771948878063047e-128,3.9771948878063047e-128,7.600258364546701,282.3521085451932,True,True
income_level,High Income,diff_health,5.852454545454545,0.1527041107977959,5.8205,22,8.758912248393049e-11,5.854087695287995e-35,5.854087695287995e-35,5.854087695287995e-35,19.8090080615616,179.76231871058775,True,True
income_level,Low Income,diff_health,5.384666666666667,0.2508022129088977,5.404,9,8.758912248393049e-11,3.755054262095691e-12,3.755054262095691e-12,3.755054262095691e-12,19.8090080615616,64.4093200480166,True,True
income_level,Lower Middle Income,diff_health,5.496933333333334,0.1730678426540284,5.519499999999999,30,8.758912248393049e-11,2.4686259158442962e-45,2.4686259158442962e-45,2.4686259158442962e-45,19.8090080615616,173.96613591512005,True,True
income_level,Upper Middle Income,diff_health,5.644270588235294,0.1995466521557168,5.661,85,8.758912248393049e-11,5.875766597061215e-124,5.875766597061215e-124,5.875766597061215e-124,19.8090080615616,260.7791363826955,True,True
income_level,High Income,diff_freedom,5.9535909090909085,0.3944093424821848,6.048,22,9.7908369167527e-11,1.7775601690337663e-26,1.7775601690337663e-26,1.7775601690337663e-26,19.702044531466168,70.80161045830914,True,True
income_level,Low Income,diff_freedom,4.3613333333333335,0.7914166096311099,4.59,9,9.7908369167527e-11,1.808918368773228e-07,1.808918368773231e-07,1.808918368773228e-07,19.702044531466168,16.53237983733831,True,True
income_level,Lower Middle Income,diff_freedom,4.866965517241379,0.4497995968649834,5.008,29,9.7908369167527e-11,8.998197296219846e-31,8.998197296219846e-31,8.998197296219846e-31,19.702044531466168,58.269086063349114,True,True
income_level,Upper Middle Income,diff_freedom,5.183558139534884,0.677332512045705,5.2705,86,9.7908369167527e-11,1.9476896963493574e-77,1.9476896963493574e-77,1.9476896963493574e-77,19.702044531466168,70.97007714879086,True,True
income_level,High Income,diff_generosity,3.8448636363636366,0.2355555329235743,3.7995,22,1.1616460842260028e-22,3.462475346983491e-27,3.462475346983417e-27,3.462475346983491e-27,51.59477814945923,76.55947950168985,True,True
income_level,Low Income,diff_generosity,3.1557777777777773,0.1710224968957138,3.093,9,1.1616460842260028e-22,1.2581901215709763e-11,1.2581901215709718e-11,1.2581901215709763e-11,51.59477814945923,55.35723957478136,True,True
income_level,Lower Middle Income,diff_generosity,3.298466666666667,0.1716983588645551,3.2955000000000005,30,1.1616460842260028e-22,5.184852839786155e-39,5.184852839786155e-39,5.184852839786155e-39,51.59477814945923,105.2220073889806,True,True
income_level,Upper Middle Income,diff_generosity,3.339313953488372,0.1827779277205896,3.345,86,1.1616460842260028e-22,2.6228842240829274e-109,2.6228842240829274e-109,2.6228842240829274e-109,51.59477814945923,169.4270420259733,True,True
income_level,High Income,diff_corruption,6.216818181818183,1.4954802584665583,6.475499999999999,22,7.14604098374094e-27,6.2295467455830915e-15,6.2295467455830915e-15,6.2295467455830915e-15,66.32740320910139,19.49839311543737,True,True
income_level,Low Income,diff_corruption,2.1026666666666665,0.5420631881985715,2.147,9,7.14604098374094e-27,2.708344715100735e-06,2.7083447151007305e-06,2.708344715100735e-06,66.32740320910139,11.63701970053207,True,True
income_level,Lower Middle Income,diff_corruption,2.4060333333333332,0.4161068731528686,2.3655,30,7.14604098374094e-27,4.775330823781262e-24,4.775330823781262e-24,4.775330823781262e-24,66.32740320910139,31.670679236578437,True,True
income_level,Upper Middle Income,diff_corruption,3.1304117647058822,1.1263796227834773,2.858,85,7.14604098374094e-27,1.832448686611213e-41,1.832448686611213e-41,1.832448686611213e-41,66.32740320910139,25.62277393035409,True,True
east_west,Other,diff_overall_happiness,0.3169,0.7234370689656588,0.2004999999999998,70,1.6054584380838845e-07,0.0004816103623,0.0004816103623,0.0004816103623,17.474478553847607,3.664970648901523,True,True
east_west,West,diff_overall_happiness,-0.429170731707317,0.3331409538347863,-0.407,41,1.6054584380838845e-07,3.64688865481449e-10,3.64688865481449e-10,3.64688865481449e-10,17.474478553847607,-8.248861277964451,True,True
east_west,Other,diff_life_evaluation,0.3169,0.7234370689656588,0.2004999999999998,70,1.6054584380838845e-07,0.0004816103623,0.0004816103623,0.0004816103623,17.474478553847607,3.664970648901523,True,True
east_west,West,diff_life_evaluation,-0.429170731707317,0.3331409538347863,-0.407,41,1.6054584380838845e-07,3.64688865481449e-10,3.64688865481449e-10,3.64688865481449e-10,17.474478553847607,-8.248861277964451,True,True
east_west,East,diff_gdp,3.6912777777777777,0.6690900691498274,3.720499999999999,36,8.360496626691188e-07,5.259593211433542e-28,5.259593211433542e-28,5.259593211433542e-28,15.44720636233622,33.10117379982694,True,True
east_west,Other,diff_gdp,3.427085714285714,0.3832350375368348,3.3994999999999997,70,8.360496626691188e-07,8.583361297260303e-68,8.583361297260303e-68,8.583361297260303e-68,15.44720636233622,74.81846240045954,True,True
east_west,West,diff_gdp,3.963146341463415,0.4843445344471027,3.848,41,8.360496626691188e-07,1.760467221796979e-38,1.7604672217969286e-38,1.760467221796979e-38,15.44720636233622,52.39352690226174,True,True
east_west,East,diff_social_support,5.87575,0.314195059977533,5.8255,36,0.2852503340790605,2.3819591781364496e-46,2.3819591781364496e-46,2.3819591781364496e-46,1.2653788642032306,112.20577434451366,True,True
east_west,Other,diff_social_support,5.918571428571429,0.2658984535074242,5.900499999999999,70,0.2852503340790605,5.7334805419064585e-95,5.7334805419064585e-95,5.7334805419064585e-95,1.2653788642032306,186.23019664663585,True,True
east_west,West,diff_social_support,5.967780487804878,0.1568434748714654,5.962000000000001,41,0.2852503340790605,4.61478362600179e-65,4.614783626001659e-65,4.61478362600179e-65,1.2653788642032306,243.63423417172837,True,True
east_west,East,diff_health,5.61375,0.2450891820192337,5.6305,36,9.300498036421938e-07,2.00215712031376e-49,2.00215712031376e-49,2.00215712031376e-49,15.328559960423515,137.42956634192322,True,True
east_west,Other,diff_health,5.550927536231884,0.2106520213136976,5.545,69,9.300498036421938e-07,1.3598318134006766e-98,1.3598318134006766e-98,1.3598318134006766e-98,15.328559960423515,218.8892698310632,True,True
east_west,West,diff_health,5.775073170731707,0.1550431214604348,5.757999999999999,41,9.300498036421938e-07,1.0803362919101363e-64,1.0803362919101363e-64,1.0803362919101363e-64,15.328559960423515,238.50468594891407,True,True
east_west,East,diff_freedom,5.144583333333333,0.7775302061197181,5.285,36,4.945683625400029e-08,1.0669012376939822e-30,1.0669012376939822e-30,1.0669012376939822e-30,18.965855502912095,39.69942229517353,True,True
east_west,Other,diff_freedom,4.908956521739131,0.611238218574843,5.057,69,4.945683625400029e-08,1.0540539920292432e-63,1.0540539920292432e-63,1.0540539920292432e-63,18.965855502912095,66.71188768362767,True,True
east_west,West,diff_freedom,5.6886829268292685,0.5632684279730398,5.772,41,4.945683625400029e-08,4.2770939694838306e-42,4.2770939694838306e-42,4.2770939694838306e-42,18.965855502912095,64.66782393419427,True,True
east_west,East,diff_generosity,3.437361111111111,0.3369827594384171,3.3565000000000005,36,9.119166297094552e-06,3.4858919381079493e-37,3.4858919381079493e-37,3.4858919381079493e-37,12.5927453275369,61.2024386678918,True,True
east_west,Other,diff_generosity,3.2929714285714287,0.1682752206846876,3.2840000000000003,70,9.119166297094552e-06,4.0663081536611083e-91,4.0663081536611083e-91,4.0663081536611083e-91,12.5927453275369,163.7256841259473,True,True
east_west,West,diff_generosity,3.533439024390244,0.2783865162665468,3.457,41,9.119166297094552e-06,4.903982077028131e-46,4.903982077028131e-46,4.903982077028131e-46,12.5927453275369,81.27207223248354,True,True
east_west,East,diff_corruption,3.467942857142857,1.5896347331616625,3.056,35,9.664703497938045e-09,1.1674590677822235e-14,1.1674590677822235e-14,1.1674590677822235e-14,21.05530302917442,12.90650373830318,True,True
east_west,Other,diff_corruption,2.676828571428571,0.8264785603789401,2.4844999999999997,70,9.664703497938045e-09,1.6664973937121263e-38,1.6664973937121263e-38,1.6664973937121263e-38,21.05530302917442,27.09804671244885,True,True
east_west,West,diff_corruption,4.517170731707317,2.0337476970169996,3.892,41,9.664703497938045e-09,3.0953619230953695e-17,3.0953619230953695e-17,3.0953619230953695e-17,21.05530302917442,14.22202244616758,True,True
developed_east_vs_west,Developed West,diff_overall_happiness,-0.3773125,0.200012572521496,-0.3799999999999999,16,0.0272176274273293,1.7554468803373535e-06,1.7554468803373535e-06,1.7554468803373535e-06,3.142568234609935,-7.545775652866999,True,True
developed_east_vs_west,Developed West,diff_life_evaluation,-0.3773125,0.200012572521496,-0.3799999999999999,16,0.0272176274273293,1.7554468803373535e-06,1.7554468803373535e-06,1.7554468803373535e-06,3.142568234609935,-7.545775652866999,True,True
developed_east_vs_west,Developed East Asia,diff_gdp,4.114999999999999,0.2022325394193521,4.114999999999999,2,1.7004839248380524e-14,0.0221142182059304,0.0221142182059304,0.0221142182059304,28.472546635423228,28.776223776223908,True,True
developed_east_vs_west,Developed West,diff_gdp,4.390750000000001,0.3585343312245937,4.4255,16,1.7004839248380524e-14,5.71771579833406e-18,5.71771579833406e-18,5.71771579833406e-18,28.472546635423228,48.985546070337534,True,True
developed_east_vs_west,Non-Developed,diff_gdp,3.5049200000000003,0.4323546296808346,3.5759999999999996,125,1.7004839248380524e-14,3.4829730832556267e-115,3.4829730832554297e-115,3.4829730832556267e-115,28.472546635423228,90.63438711739984,True,True
developed_east_vs_west,Other Developed,diff_gdp,4.6685,0.7316385719738954,4.865500000000001,4,1.7004839248380524e-14,0.0010380564333667,0.0010380564333667,0.0010380564333667,28.472546635423228,12.761765655424115,True,True
developed_east_vs_west,Developed East Asia,diff_social_support,5.805,0.1131370849898474,5.805,2,0.0582675018563265,0.0087728437448568,0.0087728437448568,0.0087728437448568,2.548007625700112,72.56250000000034,True,True
developed_east_vs_west,Developed West,diff_social_support,6.071625,0.1303435844220956,6.0775,16,0.0582675018563265,1.1800289298501053e-26,1.1800289298500971e-26,1.1800289298501053e-26,2.548007625700112,186.32677709209128,True,True
developed_east_vs_west,Non-Developed,diff_social_support,5.901232,0.2594738825815331,5.895,125,0.0582675018563265,2.17578033957594e-170,2.17578033957594e-170,2.17578033957594e-170,2.548007625700112,254.27522361235432,True,True
developed_east_vs_west,Other Developed,diff_social_support,6.023999999999999,0.3578072106595949,6.0489999999999995,4,0.0582675018563265,5.758321129876399e-05,5.758321129876399e-05,5.758321129876399e-05,2.548007625700112,33.6717641262463,True,True
developed_east_vs_west,Developed East Asia,diff_health,5.6195,0.1209152595828995,5.6195,2,7.986237992078689e-07,0.0096853440696033,0.0096853440696033,0.0096853440696033,11.557062014907794,65.72514619883032,True,True
developed_east_vs_west,Developed West,diff_health,5.8983125,0.1141874007936077,5.871,16,7.986237992078689e-07,2.5045245312312438e-27,2.5045245312312438e-27,2.5045245312312438e-27,11.557062014907794,206.61867978451016,True,True
developed_east_vs_west,Non-Developed,diff_health,5.589782258064516,0.2134932667959752,5.627,124,7.986237992078689e-07,1.5353514158516655e-176,1.5353514158516655e-176,1.5353514158516655e-176,11.557062014907794,291.55570964374675,True,True
developed_east_vs_west,Other Developed,diff_health,5.7855,0.1994768156954581,5.7325,4,7.986237992078689e-07,1.1286801487332217e-05,1.1286801487332217e-05,1.1286801487332217e-05,11.557062014907794,58.00674108245972,True,True
developed_east_vs_west,Developed East Asia,diff_freedom,5.5715,0.1944543648263011,5.5715,2,2.3489128753641785e-08,0.0157080595439389,0.0157080595439389,0.0157080595439389,14.631643771900926,40.51999999999982,True,True
developed_east_vs_west,Developed West,diff_freedom,6.154624999999999,0.1717004659283141,6.1659999999999995,16,2.3489128753641785e-08,5.994573106443823e-25,5.994573106443823e-25,5.994573106443823e-25,14.631643771900926,143.38050783320753,True,True
developed_east_vs_west,Non-Developed,diff_freedom,5.049838709677419,0.677428571665597,5.216,124,2.3489128753641785e-08,7.313458452524002e-110,7.313458452524002e-110,7.313458452524002e-110,14.631643771900926,83.00893461476467,True,True
developed_east_vs_west,Other Developed,diff_freedom,5.3405,0.3389006737477315,5.3454999999999995,4,2.3489128753641785e-08,7.019085343596344e-05,7.019085343596344e-05,7.019085343596344e-05,14.631643771900926,31.51660892816828,True,True
developed_east_vs_west,Developed East Asia,diff_generosity,3.531,0.2474873734152913,3.531,2,1.8842553021191034e-23,0.0315257368978031,0.0315257368978031,0.0315257368978031,54.16829580274199,20.17714285714288,True,True
developed_east_vs_west,Developed West,diff_generosity,3.826375,0.1520389752662125,3.7995,16,1.8842553021191034e-23,1.2006679539048762e-22,1.2006679539048506e-22,1.2006679539048762e-22,54.16829580274199,100.6682659706226,True,True
developed_east_vs_west,Non-Developed,diff_generosity,3.316296,0.1843816179348094,3.3019999999999996,125,1.8842553021191034e-23,8.795621710790739e-158,8.79562171079024e-158,8.795621710790739e-158,54.16829580274199,201.0900916416862,True,True
developed_east_vs_west,Other Developed,diff_generosity,4.07575,0.3373933164720372,4.121,4,1.8842553021191034e-23,0.0001554159488107,0.0001554159488107,0.0001554159488107,54.16829580274199,24.160229625282422,True,True
developed_east_vs_west,Developed West,diff_corruption,6.589625,1.1764335864524331,6.862,16,1.0706587005516815e-26,6.050331521485326e-13,6.050331521485326e-13,6.050331521485326e-13,65.67882612746119,22.40542968471749,True,True
developed_east_vs_west,Non-Developed,diff_corruption,2.880564516129032,1.033790100268708,2.6135,124,1.0706587005516815e-26,5.171590375851107e-60,5.171590375850959e-60,5.171590375851107e-60,65.67882612746119,31.028164138091807,True,True
developed_east_vs_west,Other Developed,diff_corruption,4.3845,1.6709918212446964,3.873,4,1.0706587005516815e-26,0.0134739949480043,0.0134739949480043,0.0134739949480043,65.67882612746119,5.247781520239941,True,True
developed_country_type,Anglo-Saxon,diff_overall_happiness,-0.4004000000000003,0.0463551507386179,-0.3819999999999997,5,0.0849465346760218,4.2355061796170886e-05,4.2355061796170886e-05,4.2355061796170886e-05,1.9815949743682448,-19.31439341529386,True,True
developed_country_type,Central Europe,diff_overall_happiness,-0.2218333333333331,0.1828107400200184,-0.2039999999999996,6,0.0849465346760218,0.0310725534028515,0.0310725534028515,0.0310725534028515,1.9815949743682448,-2.9723553142878756,True,True
developed_country_type,Nordic,diff_overall_happiness,-0.5408,0.1890983870898955,-0.5549999999999988,5,0.0849465346760218,0.0030699925090307,0.0030699925090307,0.0030699925090307,1.9815949743682448,-6.394901515775558,True,True
developed_country_type,Anglo-Saxon,diff_life_evaluation,-0.4004000000000003,0.0463551507386179,-0.3819999999999997,5,0.0849465346760218,4.2355061796170886e-05,4.2355061796170886e-05,4.2355061796170886e-05,1.9815949743682448,-19.31439341529386,True,True
developed_country_type,Central Europe,diff_life_evaluation,-0.2218333333333331,0.1828107400200184,-0.2039999999999996,6,0.0849465346760218,0.0310725534028515,0.0310725534028515,0.0310725534028515,1.9815949743682448,-2.9723553142878756,True,True
developed_country_type,Nordic,diff_life_evaluation,-0.5408,0.1890983870898955,-0.5549999999999988,5,0.0849465346760218,0.0030699925090307,0.0030699925090307,0.0030699925090307,1.9815949743682448,-6.394901515775558,True,True
developed_country_type,Anglo-Saxon,diff_gdp,3.9708,0.108190572602237,3.9409999999999994,5,1.652521992005626e-14,1.3213781155111533e-07,1.3213781155111438e-07,1.3213781155111533e-07,19.146912581396094,82.06795205437854,True,True
developed_country_type,Central Europe,diff_gdp,4.544333333333333,0.3059690616168027,4.461,6,1.652521992005626e-14,2.954290034549357e-07,2.954290034549357e-07,2.954290034549357e-07,19.146912581396094,36.38046876036306,True,True
developed_country_type,Developed East Asia,diff_gdp,4.114999999999999,0.2022325394193521,4.114999999999999,2,1.652521992005626e-14,0.0221142182059304,0.0221142182059304,0.0221142182059304,19.146912581396094,28.776223776223908,True,True
developed_country_type,Middle East Developed,diff_gdp,4.6685,0.7316385719738954,4.865500000000001,4,1.652521992005626e-14,0.0010380564333667,0.0010380564333667,0.0010380564333667,19.146912581396094,12.761765655424115,True,True
developed_country_type,Non-Developed,diff_gdp,3.5049200000000003,0.4323546296808346,3.5759999999999996,125,1.652521992005626e-14,3.4829730832556267e-115,3.4829730832554297e-115,3.4829730832556267e-115,19.146912581396094,90.63438711739984,True,True
developed_country_type,Nordic,diff_gdp,4.6264,0.1675747594359004,4.521000000000001,5,1.652521992005626e-14,4.123952023256748e-07,4.123952023256748e-07,4.123952023256748e-07,19.146912581396094,61.733311901677574,True,True
developed_country_type,Anglo-Saxon,diff_social_support,5.9292,0.0787254723707647,5.9430000000000005,5,0.0769007563242899,7.45737297782718e-09,7.45737297782726e-09,7.45737297782718e-09,2.0379084322515535,168.4092054697567,True,True
developed_country_type,Central Europe,diff_social_support,6.108333333333333,0.1089636024857228,6.0855,6,0.0769007563242899,3.8857298915163003e-10,3.8857298915163003e-10,3.8857298915163003e-10,2.0379084322515535,137.31465832786708,True,True
developed_country_type,Developed East Asia,diff_social_support,5.805,0.1131370849898474,5.805,2,0.0769007563242899,0.0087728437448568,0.0087728437448568,0.0087728437448568,2.0379084322515535,72.56250000000034,True,True
developed_country_type,Middle East Developed,diff_social_support,6.023999999999999,0.3578072106595949,6.0489999999999995,4,0.0769007563242899,5.758321129876399e-05,5.758321129876399e-05,5.758321129876399e-05,2.0379084322515535,33.6717641262463,True,True
developed_country_type,Non-Developed,diff_social_support,5.901232,0.2594738825815331,5.895,125,0.0769007563242899,2.17578033957594e-170,2.17578033957594e-170,2.17578033957594e-170,2.0379084322515535,254.27522361235432,True,True
developed_country_type,Nordic,diff_social_support,6.17,0.0565420197729088,6.161999999999999,5,0.0769007563242899,1.6924164216974724e-09,1.6924164216974724e-09,1.6924164216974724e-09,2.0379084322515535,244.0050687362268,True,True
developed_country_type,Anglo-Saxon,diff_health,5.818,0.0394017766096907,5.813999999999999,5,3.6604497565737625e-06,5.048391577475505e-10,5.048391577475505e-10,5.048391577475505e-10,7.371532075709847,330.17403306362957,True,True
developed_country_type,Central Europe,diff_health,5.877833333333334,0.1025464122564354,5.871,6,3.6604497565737625e-06,3.47700832762378e-10,3.47700832762378e-10,3.47700832762378e-10,7.371532075709847,140.40171804143765,True,True
developed_country_type,Developed East Asia,diff_health,5.6195,0.1209152595828995,5.6195,2,3.6604497565737625e-06,0.0096853440696033,0.0096853440696033,0.0096853440696033,7.371532075709847,65.72514619883032,True,True
developed_country_type,Middle East Developed,diff_health,5.7855,0.1994768156954581,5.7325,4,3.6604497565737625e-06,1.1286801487332217e-05,1.1286801487332217e-05,1.1286801487332217e-05,7.371532075709847,58.00674108245972,True,True
developed_country_type,Non-Developed,diff_health,5.589782258064516,0.2134932667959752,5.627,124,3.6604497565737625e-06,1.5353514158516655e-176,1.5353514158516655e-176,1.5353514158516655e-176,7.371532075709847,291.55570964374675,True,True
developed_country_type,Nordic,diff_health,6.0032000000000005,0.1084190942592678,6.052,5,3.6604497565737625e-06,2.552197286537513e-08,2.552197286537513e-08,2.552197286537513e-08,7.371532075709847,123.8118006264315,True,True
developed_country_type,Anglo-Saxon,diff_freedom,6.002799999999999,0.0818791792826481,6.047,5,2.672069925419266e-07,8.305809021428917e-09,8.305809021428917e-09,8.305809021428917e-09,8.822255362878625,163.93262576558715,True,True
developed_country_type,Central Europe,diff_freedom,6.1401666666666666,0.1604536277765844,6.156499999999999,6,2.672069925419266e-07,2.619649588470287e-09,2.619649588470287e-09,2.619649588470287e-09,8.822255362878625,93.73596270394866,True,True
developed_country_type,Developed East Asia,diff_freedom,5.5715,0.1944543648263011,5.5715,2,2.672069925419266e-07,0.0157080595439389,0.0157080595439389,0.0157080595439389,8.822255362878625,40.51999999999982,True,True
developed_country_type,Middle East Developed,diff_freedom,5.3405,0.3389006737477315,5.3454999999999995,4,2.672069925419266e-07,7.019085343596344e-05,7.019085343596344e-05,7.019085343596344e-05,8.822255362878625,31.51660892816828,True,True
developed_country_type,Non-Developed,diff_freedom,5.049838709677419,0.677428571665597,5.216,124,2.672069925419266e-07,7.313458452524002e-110,7.313458452524002e-110,7.313458452524002e-110,8.822255362878625,83.00893461476467,True,True
developed_country_type,Nordic,diff_freedom,6.3238,0.0822538752886453,6.279,5,2.672069925419266e-07,6.867936159583441e-09,6.867936159583514e-09,6.867936159583441e-09,8.822255362878625,171.91222451819493,True,True
developed_country_type,Anglo-Saxon,diff_generosity,3.7772,0.0290120664551837,3.796,5,5.206241990869209e-22,8.352410121892074e-10,8.352410121892283e-10,8.352410121892074e-10,32.64602429785512,291.12286702015143,True,True
developed_country_type,Central Europe,diff_generosity,3.8,0.1751981735064608,3.767500000000001,6,5.206241990869209e-22,4.4669237430496343e-08,4.4669237430495794e-08,4.4669237430496343e-08,32.64602429785512,53.128756061105896,True,True
developed_country_type,Developed East Asia,diff_generosity,3.531,0.2474873734152913,3.531,2,5.206241990869209e-22,0.0315257368978031,0.0315257368978031,0.0315257368978031,32.64602429785512,20.17714285714288,True,True
developed_country_type,Middle East Developed,diff_generosity,4.07575,0.3373933164720372,4.121,4,5.206241990869209e-22,0.0001554159488107,0.0001554159488107,0.0001554159488107,32.64602429785512,24.160229625282422,True,True
developed_country_type,Non-Developed,diff_generosity,3.316296,0.1843816179348094,3.3019999999999996,125,5.206241990869209e-22,8.795621710790739e-158,8.79562171079024e-158,8.795621710790739e-158,32.64602429785512,201.0900916416862,True,True
developed_country_type,Nordic,diff_generosity,3.9072,0.1877303917856668,3.884,5,5.206241990869209e-22,1.2751210556297865e-06,1.2751210556297865e-06,1.2751210556297865e-06,32.64602429785512,46.53889398825741,True,True
developed_country_type,Anglo-Saxon,diff_corruption,5.592,1.3927311298308795,5.781999999999999,5,8.241930480806447e-27,0.0008517656917537,0.0008517656917537,0.0008517656917537,43.312643171066625,8.978109171507644,True,True
developed_country_type,Central Europe,diff_corruption,6.575666666666667,0.677556393716912,6.4350000000000005,6,8.241930480806447e-27,2.45332538653496e-06,2.45332538653496e-06,2.45332538653496e-06,43.312643171066625,23.772232394711757,True,True
developed_country_type,Middle East Developed,diff_corruption,4.3845,1.6709918212446964,3.873,4,8.241930480806447e-27,0.0134739949480043,0.0134739949480043,0.0134739949480043,43.312643171066625,5.247781520239941,True,True
developed_country_type,Non-Developed,diff_corruption,2.880564516129032,1.033790100268708,2.6135,124,8.241930480806447e-27,5.171590375851107e-60,5.171590375850959e-60,5.171590375851107e-60,43.312643171066625,31.028164138091807,True,True
developed_country_type,Nordic,diff_corruption,7.604000000000001,0.3819345493667725,7.740000000000001,5,8.241930480806447e-27,1.5224362504641912e-06,1.5224362504641912e-06,1.5224362504641912e-06,43.312643171066625,44.51825824371891,True,True
economic_model,Market Liberal,diff_overall_happiness,-0.4004000000000003,0.0463551507386179,-0.3819999999999997,5,0.0572506017836897,4.2355061796170886e-05,4.2355061796170886e-05,4.2355061796170886e-05,2.203247885987372,-19.31439341529386,True,True
economic_model,Social Market,diff_overall_happiness,-0.3714444444444441,0.2497954718920619,-0.3149999999999995,9,0.0572506017836897,0.0021083102792588,0.0021083102792588,0.0021083102792588,2.203247885987372,-4.46098291891713,True,True
economic_model,Market Liberal,diff_life_evaluation,-0.4004000000000003,0.0463551507386179,-0.3819999999999997,5,0.0572506017836897,4.2355061796170886e-05,4.2355061796170886e-05,4.2355061796170886e-05,2.203247885987372,-19.31439341529386,True,True
economic_model,Social Market,diff_life_evaluation,-0.3714444444444441,0.2497954718920619,-0.3149999999999995,9,0.0572506017836897,0.0021083102792588,0.0021083102792588,0.0021083102792588,2.203247885987372,-4.46098291891713,True,True
economic_model,Market Liberal,diff_gdp,3.9708,0.108190572602237,3.9409999999999994,5,3.305536605422711e-15,1.3213781155111533e-07,1.3213781155111438e-07,1.3213781155111533e-07,20.273658080363372,82.06795205437854,True,True
economic_model,Non-High Income,diff_gdp,3.5049200000000003,0.4323546296808346,3.5759999999999996,125,3.305536605422711e-15,3.4829730832556267e-115,3.4829730832554297e-115,3.4829730832556267e-115,20.273658080363372,90.63438711739984,True,True
economic_model,Other High Income,diff_gdp,4.382666666666667,0.6349049797673151,4.521000000000001,3,3.305536605422711e-15,0.0069229489583271,0.0069229489583271,0.0069229489583271,20.273658080363372,11.956121909907232,True,True
economic_model,Resource-Based,diff_gdp,4.994666666666667,0.4057515660269636,5.204000000000001,3,3.305536605422711e-15,0.0021925826129276,0.0021925826129276,0.0021925826129276,20.273658080363372,21.320968685953176,True,True
economic_model,Social Market,diff_gdp,4.5488888888888885,0.2395743331642833,4.506,9,3.305536605422711e-15,1.0015612239491994e-11,1.0015612239491994e-11,1.0015612239491994e-11,20.273658080363372,56.96213983535846,True,True
economic_model,State-Led Development,diff_gdp,4.114999999999999,0.2022325394193521,4.114999999999999,2,3.305536605422711e-15,0.0221142182059304,0.0221142182059304,0.0221142182059304,20.273658080363372,28.776223776223908,True,True
economic_model,Market Liberal,diff_social_support,5.9292,0.0787254723707647,5.9430000000000005,5,0.0763592185224239,7.45737297782718e-09,7.45737297782726e-09,7.45737297782718e-09,2.041896299871682,168.4092054697567,True,True
economic_model,Non-High Income,diff_social_support,5.901232,0.2594738825815331,5.895,125,0.0763592185224239,2.17578033957594e-170,2.17578033957594e-170,2.17578033957594e-170,2.041896299871682,254.27522361235432,True,True
economic_model,Other High Income,diff_social_support,5.999666666666666,0.3672415190761161,6.145,3,0.0763592185224239,0.0012465663369719,0.0012465663369719,0.0012465663369719,2.041896299871682,28.296711987487008,True,True
economic_model,Resource-Based,diff_social_support,6.171333333333332,0.2485886830355178,6.178999999999999,3,0.0763592185224239,0.0005404198343434,0.0005404198343434,0.0005404198343434,2.041896299871682,42.99899236462628,True,True
economic_model,Social Market,diff_social_support,6.120333333333333,0.0878493027860774,6.1129999999999995,9,0.0763592185224239,3.073743548715664e-16,3.073743548715664e-16,3.073743548715664e-16,2.041896299871682,209.00564281894168,True,True
economic_model,State-Led Development,diff_social_support,5.805,0.1131370849898474,5.805,2,0.0763592185224239,0.0087728437448568,0.0087728437448568,0.0087728437448568,2.041896299871682,72.56250000000034,True,True
economic_model,Market Liberal,diff_health,5.818,0.0394017766096907,5.813999999999999,5,1.0161708255904123e-05,5.048391577475505e-10,5.048391577475505e-10,5.048391577475505e-10,6.815803281574726,330.17403306362957,True,True
economic_model,Non-High Income,diff_health,5.589782258064516,0.2134932667959752,5.627,124,1.0161708255904123e-05,1.5353514158516655e-176,1.5353514158516655e-176,1.5353514158516655e-176,6.815803281574726,291.55570964374675,True,True
economic_model,Other High Income,diff_health,5.869666666666667,0.2338596445163922,5.9510000000000005,3,1.0161708255904123e-05,0.0005287104664423,0.0005287104664423,0.0005287104664423,6.815803281574726,43.47291689074428,True,True
economic_model,Resource-Based,diff_health,5.8453333333333335,0.1954644042615771,5.736000000000001,3,1.0161708255904123e-05,0.0003725227599376,0.0003725227599376,0.0003725227599376,6.815803281574726,51.79671643416184,True,True
economic_model,Social Market,diff_health,5.92,0.1257437871228638,5.881,9,1.0161708255904123e-05,7.0621957221666935e-15,7.0621957221666935e-15,7.0621957221666935e-15,6.815803281574726,141.23958253815567,True,True
economic_model,State-Led Development,diff_health,5.6195,0.1209152595828995,5.6195,2,1.0161708255904123e-05,0.0096853440696033,0.0096853440696033,0.0096853440696033,6.815803281574726,65.72514619883032,True,True
economic_model,Market Liberal,diff_freedom,6.002799999999999,0.0818791792826481,6.047,5,6.798647193346056e-07,8.305809021428917e-09,8.305809021428917e-09,8.305809021428917e-09,8.300036654740184,163.93262576558715,True,True
economic_model,Non-High Income,diff_freedom,5.049838709677419,0.677428571665597,5.216,124,6.798647193346056e-07,7.313458452524002e-110,7.313458452524002e-110,7.313458452524002e-110,8.300036654740184,83.00893461476467,True,True
economic_model,Other High Income,diff_freedom,5.916,0.615789736842049,6.264,3,6.798647193346056e-07,0.0035920500586234,0.0035920500586234,0.0035920500586234,8.300036654740184,16.640115878069274,True,True
economic_model,Resource-Based,diff_freedom,5.385666666666666,0.4000504134897662,5.486,3,6.798647193346056e-07,0.0018341427558235,0.0018341427558235,0.0018341427558235,8.300036654740184,23.31768193394309,True,True
economic_model,Social Market,diff_freedom,6.213,0.1739410819789277,6.263000000000001,9,6.798647193346056e-07,6.426368065131439e-14,6.426368065131439e-14,6.426368065131439e-14,8.300036654740184,107.15697400489914,True,True
economic_model,State-Led Development,diff_freedom,5.5715,0.1944543648263011,5.5715,2,6.798647193346056e-07,0.0157080595439389,0.0157080595439389,0.0157080595439389,8.300036654740184,40.51999999999982,True,True
economic_model,Market Liberal,diff_generosity,3.7772,0.0290120664551837,3.796,5,3.398357252364869e-23,8.352410121892074e-10,8.352410121892283e-10,8.352410121892074e-10,35.090698089184336,291.12286702015143,True,True
economic_model,Non-High Income,diff_generosity,3.316296,0.1843816179348094,3.3019999999999996,125,3.398357252364869e-23,8.795621710790739e-158,8.79562171079024e-158,8.795621710790739e-158,35.090698089184336,201.0900916416862,True,True
economic_model,Other High Income,diff_generosity,3.846,0.1987435533545679,3.884,3,3.398357252364869e-23,0.0008889286435214,0.0008889286435214,0.0008889286435214,35.090698089184336,33.51790432178461,True,True
economic_model,Resource-Based,diff_generosity,4.224,0.1971877278128637,4.205,3,3.398357252364869e-23,0.0007256342661439,0.0007256342661439,0.0007256342661439,35.090698089184336,37.102626478429606,True,True
economic_model,Social Market,diff_generosity,3.825444444444445,0.1901611889365905,3.834000000000001,9,3.398357252364869e-23,6.314478024137057e-12,6.314478024137013e-12,6.314478024137057e-12,35.090698089184336,60.350555218500006,True,True
economic_model,State-Led Development,diff_generosity,3.531,0.2474873734152913,3.531,2,3.398357252364869e-23,0.0315257368978031,0.0315257368978031,0.0315257368978031,35.090698089184336,20.17714285714288,True,True
economic_model,Market Liberal,diff_corruption,5.592,1.3927311298308795,5.781999999999999,5,2.5874103855140447e-24,0.0008517656917537,0.0008517656917537,0.0008517656917537,37.61030874822005,8.978109171507644,True,True
economic_model,Non-High Income,diff_corruption,2.880564516129032,1.033790100268708,2.6135,124,2.5874103855140447e-24,5.171590375851107e-60,5.171590375850959e-60,5.171590375851107e-60,37.61030874822005,31.028164138091807,True,True
economic_model,Resource-Based,diff_corruption,4.842,1.712449415311296,4.213,3,2.5874103855140447e-24,0.0392545608613789,0.0392545608613789,0.0392545608613789,37.61030874822005,4.897423500666707,True,True
economic_model,Social Market,diff_corruption,6.947666666666667,0.8118851519765591,6.948000000000001,9,2.5874103855140447e-24,5.6836530173041685e-09,5.6836530173041685e-09,5.6836530173041685e-09,37.61030874822005,25.672350269317132,True,True
