grouping,group_value,metric,mean_bias,std_bias,median_bias,count,p_value_anova,p_value_vs_real,p_value_vs_zero,p_value,f_statistic,t_statistic,significant,significantly_different_from_real,significance_level
developed_country_type,Non-Developed,diff_health,6.086395161290322,0.2008216382337833,6.084,124,0.0295245318316917,2.4023305443913614e-184,2.4023305443913614e-184,2.4023305443913614e-184,2.5679739675913837,337.48966869480074,True,True,***
developed_east_vs_west,Non-Developed,diff_health,6.086395161290322,0.2008216382337833,6.084,124,0.0166932758453583,2.4023305443913614e-184,2.4023305443913614e-184,2.4023305443913614e-184,3.523820807998674,337.48966869480074,True,True,***
economic_model,Non-High Income,diff_health,6.086395161290322,0.2008216382337833,6.084,124,0.0636752001039948,2.4023305443913614e-184,2.4023305443913614e-184,2.4023305443913614e-184,2.144321500627772,337.48966869480074,True,True,***
developed_country_type,Non-Developed,diff_social_support,6.851152,0.2586101829195388,6.837,125,0.8157089140996296,1.3605603566173198e-178,1.3605603566172938e-178,1.3605603566173198e-178,0.445884080150411,296.1917706262561,True,True,***
developed_east_vs_west,Non-Developed,diff_social_support,6.851152,0.2586101829195388,6.837,125,0.6023133356258594,1.3605603566173198e-178,1.3605603566172938e-178,1.3605603566173198e-178,0.6213256699081429,296.1917706262561,True,True,***
economic_model,Non-High Income,diff_social_support,6.851152,0.2586101829195388,6.837,125,0.5218158974032169,1.3605603566173198e-178,1.3605603566172938e-178,1.3605603566173198e-178,0.8423934750291836,296.1917706262561,True,True,***
world_123,World 2,diff_health,6.097486956521739,0.1927067750344152,6.085000000000001,115,0.0065106763935741,4.0096193792683365e-173,4.009619379268386e-173,4.0096193792683365e-173,5.215778686529728,339.31481079179633,True,True,***
world_123,World 2,diff_social_support,6.844129310344828,0.2338905552370282,6.836,116,0.3665309583873041,1.0015093501161929e-170,1.0015093501161929e-170,1.0015093501161929e-170,1.01070045229773,315.162484951096,True,True,***
global_north_south,Global South,diff_health,6.082611111111111,0.2112994877425147,6.084,108,0.0489708044725537,3.229127140918766e-158,3.229127140918766e-158,3.229127140918766e-158,3.9428190439277992,299.159972407476,True,True,***
global_north_south,Global South,diff_social_support,6.860155963302753,0.2690587218816575,6.846,109,0.8827029373333825,5.3962997365868246e-154,5.3962997365868246e-154,5.3962997365868246e-154,0.0218459650226168,266.1951653338836,True,True,***
developed_country_type,Non-Developed,diff_generosity,3.821696,0.2986177355750993,3.773,125,1.0015263674229479e-09,1.5536399011307211e-139,1.553639901130666e-139,1.5536399011307211e-139,12.052021828451204,143.08547395688603,True,True,***
economic_model,Non-High Income,diff_generosity,3.821696,0.2986177355750993,3.773,125,6.18764571557918e-10,1.5536399011307211e-139,1.553639901130666e-139,1.5536399011307211e-139,12.341549157628684,143.08547395688603,True,True,***
developed_east_vs_west,Non-Developed,diff_generosity,3.821696,0.2986177355750993,3.773,125,9.812371189677032e-11,1.5536399011307211e-139,1.553639901130666e-139,1.5536399011307211e-139,19.67513607060765,143.08547395688603,True,True,***
income_level,Upper Middle Income,diff_social_support,6.787779069767442,0.1901285881380276,6.7775,86,0.0001387328730394,5.346960637021644e-134,5.34696063702158e-134,5.346960637021644e-134,7.290667433410775,331.0773731672384,True,True,***
world_123,World 2,diff_generosity,3.825043103448276,0.3037016668932904,3.774,116,1.1959967046077865e-08,9.515524748738144e-129,9.515524748737764e-129,9.515524748738144e-129,20.76070152725998,135.6494860049599,True,True,***
income_level,Upper Middle Income,diff_health,6.108388235294117,0.2012290861134124,6.102,85,0.0113723037825534,1.5685731649721718e-126,1.568573164972198e-126,1.5685731649721718e-126,3.822479333548094,279.8629064287408,True,True,***
developed_east_vs_west,Non-Developed,diff_freedom,6.007782258064516,0.5994947949011392,6.1255,124,7.668469415912984e-06,1.8415561922634944e-125,1.8415561922634944e-125,1.8415561922634944e-125,9.655577810871776,111.5936826828003,True,True,***
economic_model,Non-High Income,diff_freedom,6.007782258064516,0.5994947949011392,6.1255,124,0.0001448251010136,1.8415561922634944e-125,1.8415561922634944e-125,1.8415561922634944e-125,5.391569927018312,111.5936826828003,True,True,***
developed_country_type,Non-Developed,diff_freedom,6.007782258064516,0.5994947949011392,6.1255,124,6.935947853145883e-05,1.8415561922634944e-125,1.8415561922634944e-125,1.8415561922634944e-125,5.783499593497898,111.5936826828003,True,True,***
global_north_south,Global South,diff_generosity,3.821440366972477,0.3092996099670835,3.777,109,3.0637013748799386e-05,3.9643313990800314e-120,3.9643313990800314e-120,3.9643313990800314e-120,18.529111925252664,128.99146151837115,True,True,***
world_123,World 2,diff_freedom,6.054939130434782,0.5694076221144602,6.16,115,3.008670739513235e-08,2.511104836404623e-119,2.511104836404651e-119,2.511104836404623e-119,19.59690013767525,114.03428016173524,True,True,***
developed_country_type,Non-Developed,diff_gdp,4.00808,0.5534132009337527,4.122,125,5.392716657973437e-08,3.248137955146293e-109,3.248137955146293e-109,3.248137955146293e-109,9.719965065068958,80.97330642037045,True,True,***
economic_model,Non-High Income,diff_gdp,4.00808,0.5534132009337527,4.122,125,2.4479500500333532e-08,3.248137955146293e-109,3.248137955146293e-109,3.248137955146293e-109,10.173220444618682,80.97330642037045,True,True,***
developed_east_vs_west,Non-Developed,diff_gdp,4.00808,0.5534132009337527,4.122,125,1.2174317618386184e-08,3.248137955146293e-109,3.248137955146293e-109,3.248137955146293e-109,15.20526351470229,80.97330642037045,True,True,***
global_north_south,Global South,diff_freedom,5.929120370370371,0.600800894096809,6.072500000000001,108,2.6281531906014887e-10,1.1253716421737626e-108,1.1253716421737626e-108,1.1253716421737626e-108,46.19852559988268,102.55847978833047,True,True,***
world_123,World 2,diff_gdp,4.028793103448276,0.5469140703070731,4.137499999999999,116,1.0616486457563084e-09,2.9632506669075266e-102,2.9632506669075266e-102,2.9632506669075266e-102,23.93380096087878,79.3386603629871,True,True,***
east_west,Other,diff_health,6.082884057971015,0.2053795293247201,6.077,69,0.0207483585979182,4.8597958548241455e-102,4.8597958548241455e-102,4.8597958548241455e-102,3.982231471894133,246.02369105353785,True,True,***
east_west,Other,diff_social_support,6.882357142857143,0.2569271049676948,6.862500000000001,70,0.2844591102605506,1.6523119810556523e-100,1.6523119810556523e-100,1.6523119810556523e-100,1.268205376563167,224.1177749807232,True,True,***
income_level,Upper Middle Income,diff_generosity,3.7915813953488375,0.2928930929282713,3.7445,86,8.499051198165841e-09,1.2115001663737541e-96,1.2115001663737317e-96,1.2115001663737541e-96,15.52872621266144,120.04953412710005,True,True,***
global_north_south,Global South,diff_gdp,3.950183486238532,0.5645405894461247,4.079000000000001,109,5.036775851981263e-11,8.930872752799256e-94,8.930872752799256e-94,8.930872752799256e-94,50.47083079460261,73.05254419922066,True,True,***
income_level,Upper Middle Income,diff_freedom,6.101930232558139,0.6200290465814091,6.246,86,4.462725545728976e-08,1.333926811343425e-86,1.333926811343425e-86,1.333926811343425e-86,14.06158446831348,91.26503568643014,True,True,***
region,Other,diff_health,6.08940350877193,0.2022270523489731,6.077,57,0.2279608140137804,9.73971393720828e-85,9.739713937208386e-85,9.73971393720828e-85,1.328039533259262,227.33846815632677,True,True,***
continent,Other,diff_health,6.08940350877193,0.2022270523489731,6.077,57,0.0798052324610182,9.73971393720828e-85,9.739713937208386e-85,9.73971393720828e-85,1.9316607471209333,227.33846815632677,True,True,***
continent,Other,diff_social_support,6.883396551724139,0.2540662256291549,6.867000000000001,58,0.6957230887826763,1.311505104629114e-83,1.311505104629114e-83,1.311505104629114e-83,0.6429011545477264,206.33355026155607,True,True,***
region,Other,diff_social_support,6.883396551724139,0.2540662256291549,6.867000000000001,58,0.0007988824470723,1.311505104629114e-83,1.311505104629114e-83,1.311505104629114e-83,3.4201244003077127,206.33355026155607,True,True,***
east_west,Other,diff_generosity,3.856114285714286,0.3189801021851708,3.855,70,0.4444613662236782,9.58066157663977e-77,9.58066157663977e-77,9.58066157663977e-77,0.8154756259039219,101.14288190713754,True,True,***
income_level,Upper Middle Income,diff_gdp,4.088779069767441,0.5622287665263247,4.2295,86,7.17011776300558e-10,1.3784894446715896e-75,1.3784894446716338e-75,1.3784894446715896e-75,17.7962879536655,67.44190170073,True,True,***
east_west,West,diff_social_support,6.86619512195122,0.1133267884289044,6.868,41,0.2844591102605506,3.85587652200469e-73,3.855876522004705e-73,3.85587652200469e-73,1.268205376563167,387.9497602801159,True,True,***
east_west,Other,diff_freedom,5.916565217391304,0.5722528101917705,6.031999999999999,69,8.3258979317574e-06,4.468824631171762e-71,4.468824631171762e-71,4.468824631171762e-71,12.707149004228082,85.88281428416904,True,True,***
east_west,West,diff_health,6.172878048780488,0.1361874067456222,6.175000000000001,41,0.0207483585979182,4.2234107028623345e-68,4.223410702862411e-68,4.2234107028623345e-68,3.982231471894133,290.2302495758046,True,True,***
east_west,Other,diff_gdp,3.9414428571428575,0.4977166889752362,4.0295000000000005,70,5.951826801752186e-05,3.3614521060863815e-64,3.3614521060863815e-64,3.3614521060863815e-64,10.417210096586246,66.25551761644384,True,True,***
continent,Other,diff_generosity,3.853293103448276,0.3186214829939867,3.855,58,0.0741733221745481,1.046161879385738e-63,1.0461618793857304e-63,1.046161879385738e-63,1.9681257325114807,92.10240850836192,True,True,***
region,Other,diff_generosity,3.853293103448276,0.3186214829939867,3.855,58,0.0001128633473446,1.046161879385738e-63,1.0461618793857304e-63,1.046161879385738e-63,4.090654596313316,92.10240850836192,True,True,***
global_north_south,Global North,diff_health,6.156447368421053,0.1488374221630125,6.154999999999999,38,0.0489708044725537,1.205922769105215e-61,1.2059227691052317e-61,1.205922769105215e-61,3.9428190439277992,254.9821799847549,True,True,***
global_north_south,Global North,diff_social_support,6.8532631578947365,0.1698245014969191,6.859000000000001,38,0.8827029373333825,3.0044853495259505e-61,3.0044853495259505e-61,3.0044853495259505e-61,0.0218459650226168,248.76476011516,True,True,***
developed_east_vs_west,Non-Developed,diff_corruption,2.753991935483871,1.0327473856350644,2.519,124,6.836057129454176e-30,6.1073608183509e-58,6.1073608183509e-58,6.1073608183509e-58,78.07565673563329,29.69473148456209,True,True,***
economic_model,Non-High Income,diff_corruption,2.753991935483871,1.0327473856350644,2.519,124,3.723217385309001e-28,6.1073608183509e-58,6.1073608183509e-58,6.1073608183509e-58,46.58243647273313,29.69473148456209,True,True,***
developed_country_type,Non-Developed,diff_corruption,2.753991935483871,1.0327473856350644,2.519,124,4.8505303836050135e-31,6.1073608183509e-58,6.1073608183509e-58,6.1073608183509e-58,54.09947397393268,29.69473148456209,True,True,***
continent,Other,diff_freedom,5.924473684210526,0.5984833541444324,6.032,57,4.842512467999983e-07,8.66936796293802e-58,8.66936796293802e-58,8.66936796293802e-58,7.573090816218942,74.73690808970031,True,True,***
region,Other,diff_freedom,5.924473684210526,0.5984833541444324,6.032,57,7.438567789048432e-07,8.66936796293802e-58,8.66936796293802e-58,8.66936796293802e-58,5.834096832852206,74.73690808970031,True,True,***
global_north_south,Global South,diff_corruption,2.526407407407408,0.8278830907243089,2.4025,108,2.6623721784054475e-29,3.14344293832824e-56,3.14344293832824e-56,3.14344293832824e-56,203.10432225512923,31.713651644361377,True,True,***
region,Other,diff_gdp,3.984965517241379,0.4749057142071146,4.077500000000001,58,0.0001310411009395,9.563063696887728e-55,9.563063696887728e-55,9.563063696887728e-55,4.039540325253974,63.904459993013255,True,True,***
continent,Other,diff_gdp,3.984965517241379,0.4749057142071146,4.077500000000001,58,0.0007941317797574,9.563063696887728e-55,9.563063696887728e-55,9.563063696887728e-55,4.105128193232034,63.904459993013255,True,True,***
world_123,World 2,diff_corruption,2.816095652173913,1.039467896721329,2.556,115,1.3907379383817668e-29,1.5990995573052667e-54,1.5990995573052667e-54,1.5990995573052667e-54,109.59106240008398,29.052615824497654,True,True,***
global_north_south,Global North,diff_freedom,6.613,0.2522791246947647,6.6165,38,2.6281531906014887e-10,2.537572268588917e-54,2.5375722685889377e-54,2.537572268588917e-54,46.19852559988268,161.58796274149194,True,True,***
continent,Europe,diff_health,6.152060606060606,0.1413331479594263,6.166,33,0.0798052324610182,3.075022136603915e-54,3.0750221366039445e-54,3.075022136603915e-54,1.9316607471209333,250.05384842174016,True,True,***
continent,Europe,diff_social_support,6.799121212121213,0.1634156429124361,6.835000000000001,33,0.6957230887826763,1.304005415333185e-53,1.304005415333181e-53,1.304005415333185e-53,0.6429011545477264,239.01003018030855,True,True,***
east_west,East,diff_health,6.057222222222222,0.2290750483526692,6.109,36,0.0207483585979182,1.32457280726555e-51,1.32457280726555e-51,1.32457280726555e-51,3.982231471894133,158.65251844182296,True,True,***
east_west,East,diff_social_support,6.802833333333334,0.323573572998255,6.703499999999999,36,0.2844591102605506,3.9936190999415946e-48,3.993619099941527e-48,3.9936190999415946e-48,1.268205376563167,126.14441785769732,True,True,***
east_west,West,diff_freedom,6.475268292682927,0.4525736417639809,6.538,41,8.3258979317574e-06,4.1750745626370075e-48,4.1750745626370075e-48,4.1750745626370075e-48,12.707149004228082,91.61370332384725,True,True,***
east_west,West,diff_generosity,3.941731707317073,0.2807496237210518,3.856,41,0.4444613662236782,8.85404613230635e-48,8.85404613230635e-48,8.85404613230635e-48,0.8154756259039219,89.90002372240744,True,True,***
income_level,Lower Middle Income,diff_health,6.066599999999999,0.1653989117255611,6.0545,30,0.0113723037825534,3.812103386025134e-47,3.812103386025077e-47,3.812103386025134e-47,3.822479333548094,200.89694863737867,True,True,***
continent,Europe,diff_freedom,6.599272727272727,0.268597662956055,6.613999999999999,33,4.842512467999983e-07,2.683619329143601e-46,2.6836193291435844e-46,2.683619329143601e-46,7.573090816218942,141.14022879495587,True,True,***
income_level,Lower Middle Income,diff_social_support,7.005666666666667,0.2730723452624347,6.9670000000000005,30,0.0001387328730394,1.1983564875773793e-42,1.1983564875773866e-42,1.1983564875773793e-42,7.290667433410775,140.5181348557165,True,True,***
global_north_south,Global North,diff_gdp,4.650289473684211,0.3769569412570588,4.596500000000001,38,5.036775851981263e-11,2.9974283017984344e-42,2.9974283017984573e-42,2.9974283017984344e-42,50.47083079460261,76.04664196882294,True,True,***
east_west,West,diff_gdp,4.452780487804878,0.4662177341218973,4.416,41,5.951826801752186e-05,3.9067344159851584e-41,3.9067344159851584e-41,3.9067344159851584e-41,10.417210096586246,61.15534562221696,True,True,***
global_north_south,Global North,diff_generosity,4.082815789473684,0.3576153645093338,4.093500000000001,38,3.0637013748799386e-05,5.167303383667373e-41,5.167303383667373e-41,5.167303383667373e-41,18.529111925252664,70.3777558850314,True,True,***
income_level,Upper Middle Income,diff_corruption,3.0228823529411764,1.1170001642554843,2.711,85,5.069787397165632e-31,1.3236000824045268e-40,1.3236000824045268e-40,1.3236000824045268e-40,82.77537895134408,24.95039762208385,True,True,***
east_west,Other,diff_corruption,2.5129,0.7652253651182048,2.361,70,1.4609622417470044e-09,6.96023046982766e-39,6.96023046982766e-39,6.96023046982766e-39,23.53367510008206,27.47482083729299,True,True,***
region,Western Europe,diff_social_support,6.90505,0.0898697742057332,6.920999999999999,20,0.0007988824470723,1.6560868404470603e-37,1.6560868404470528e-37,1.6560868404470603e-37,3.4201244003077127,343.6118834056198,True,True,***
economic_model,Non-High Income,diff_overall_happiness,1.3508,0.8295747939213663,1.1679999999999993,125,4.581728980190243e-05,7.808720452329608e-37,7.80872045232951e-37,7.808720452329608e-37,6.001273495697767,18.20499276339525,True,True,***
developed_country_type,Non-Developed,diff_life_evaluation,1.3508,0.8295747939213663,1.1679999999999993,125,6.443601325716685e-05,7.808720452329608e-37,7.80872045232951e-37,7.808720452329608e-37,5.81923697706241,18.20499276339525,True,True,***
developed_east_vs_west,Non-Developed,diff_overall_happiness,1.3508,0.8295747939213663,1.1679999999999993,125,7.934946487479686e-06,7.808720452329608e-37,7.80872045232951e-37,7.808720452329608e-37,9.621087583092976,18.20499276339525,True,True,***
developed_country_type,Non-Developed,diff_overall_happiness,1.3508,0.8295747939213663,1.1679999999999993,125,6.443601325716685e-05,7.808720452329608e-37,7.80872045232951e-37,7.808720452329608e-37,5.81923697706241,18.20499276339525,True,True,***
developed_east_vs_west,Non-Developed,diff_life_evaluation,1.3508,0.8295747939213663,1.1679999999999993,125,7.934946487479686e-06,7.808720452329608e-37,7.80872045232951e-37,7.808720452329608e-37,9.621087583092976,18.20499276339525,True,True,***
economic_model,Non-High Income,diff_life_evaluation,1.3508,0.8295747939213663,1.1679999999999993,125,4.581728980190243e-05,7.808720452329608e-37,7.80872045232951e-37,7.808720452329608e-37,6.001273495697767,18.20499276339525,True,True,***
continent,Europe,diff_generosity,3.910909090909091,0.3234161757353405,3.847,33,0.0741733221745481,1.7662857232404988e-36,1.7662857232404878e-36,1.7662857232404988e-36,1.9681257325114807,69.46610578942477,True,True,***
income_level,Lower Middle Income,diff_freedom,5.915586206896552,0.355142478173135,6.028999999999999,29,4.462725545728976e-08,5.4455579697397066e-36,5.4455579697397066e-36,5.4455579697397066e-36,14.06158446831348,89.70035580880112,True,True,***
income_level,High Income,diff_social_support,6.899409090909091,0.1618705123565212,6.8875,22,0.0001387328730394,6.290833284316089e-36,6.290833284316075e-36,6.290833284316089e-36,7.290667433410775,199.9196559172767,True,True,***
world_123,World 1,diff_social_support,6.899409090909091,0.1618705123565212,6.8875,22,0.3665309583873041,6.290833284316089e-36,6.290833284316075e-36,6.290833284316089e-36,1.01070045229773,199.9196559172767,True,True,***
east_west,East,diff_freedom,6.053055555555556,0.6653831954786631,6.1485,36,8.3258979317574e-06,1.8396501879158564e-35,1.839650187915865e-35,1.8396501879158564e-35,12.707149004228082,54.58258275850604,True,True,***
east_west,East,diff_generosity,3.892916666666667,0.4350728264161235,3.7485,36,0.4444613662236782,3.2620016257973507e-35,3.2620016257973026e-35,3.2620016257973507e-35,0.8154756259039219,53.68641427782442,True,True,***
world_123,World 1,diff_health,6.188818181818181,0.1681341970721845,6.1795,22,0.0065106763935741,1.3660596278926703e-34,1.3660596278926786e-34,1.3660596278926703e-34,5.215778686529728,172.64857976643037,True,True,***
income_level,High Income,diff_health,6.188818181818181,0.1681341970721845,6.1795,22,0.0113723037825534,1.3660596278926703e-34,1.3660596278926786e-34,1.3660596278926703e-34,3.822479333548094,172.64857976643037,True,True,***
world_123,World 2,diff_overall_happiness,1.295913793103448,0.7914565281694308,1.1374999999999993,116,3.877482951990476e-08,1.7253005037796623e-34,1.725300503779642e-34,1.7253005037796623e-34,19.25765472133765,17.635104654053492,True,True,***
world_123,World 2,diff_life_evaluation,1.295913793103448,0.7914565281694308,1.1374999999999993,116,3.877482951990476e-08,1.7253005037796623e-34,1.725300503779642e-34,1.7253005037796623e-34,19.25765472133765,17.635104654053492,True,True,***
global_north_south,Global South,diff_life_evaluation,1.446724770642202,0.8387282135113814,1.3679999999999994,109,7.170049270694188e-10,2.6149060415809566e-34,2.6149060415809566e-34,2.6149060415809566e-34,43.57708098528735,18.008515507428967,True,True,***
global_north_south,Global South,diff_overall_happiness,1.446724770642202,0.8387282135113814,1.3679999999999994,109,7.170049270694188e-10,2.6149060415809566e-34,2.6149060415809566e-34,2.6149060415809566e-34,43.57708098528735,18.008515507428967,True,True,***
continent,Europe,diff_gdp,4.481030303030303,0.4553881918792257,4.446,33,0.0007941317797574,1.2276246803431958e-33,1.2276246803431958e-33,1.2276246803431958e-33,4.105128193232034,56.52662883191277,True,True,***
income_level,Lower Middle Income,diff_generosity,3.9209666666666663,0.3185536801332496,3.9265,30,8.499051198165841e-09,1.9890470770156958e-33,1.9890470770156958e-33,1.9890470770156958e-33,15.52872621266144,67.41726825007453,True,True,***
region,Western Europe,diff_health,6.162699999999999,0.1467665887691996,6.142,20,0.2279608140137804,1.5972630250464333e-32,1.5972630250464423e-32,1.5972630250464333e-32,1.328039533259262,187.78410318724892,True,True,***
region,Other,diff_corruption,2.541948275862069,0.7838952539768954,2.385,58,1.739440024384001e-16,3.9615355127618805e-32,3.9615355127618805e-32,3.9615355127618805e-32,14.742240907059404,24.695775637873755,True,True,***
continent,Other,diff_corruption,2.541948275862069,0.7838952539768954,2.385,58,7.185276006764986e-13,3.9615355127618805e-32,3.9615355127618805e-32,3.9615355127618805e-32,14.584313560956948,24.695775637873755,True,True,***
continent,Asia,diff_health,6.012869565217391,0.2599963818538155,5.992999999999999,23,0.0798052324610182,9.879606550349483e-32,9.879606550349483e-32,9.879606550349483e-32,1.9316607471209333,110.91196423899017,True,True,***
developed_east_vs_west,Developed West,diff_social_support,6.9006875,0.0758381775009567,6.910499999999999,16,0.6023133356258594,5.140814143932961e-31,5.1408141439329265e-31,5.140814143932961e-31,0.6213256699081429,363.9690576642845,True,True,***
region,Western Europe,diff_freedom,6.69375,0.2027912784899263,6.6665,20,7.438567789048432e-07,1.5417609028074791e-30,1.5417609028074791e-30,1.5417609028074791e-30,5.834096832852206,147.61660497280934,True,True,***
world_123,World 1,diff_freedom,6.667000000000001,0.2926914513857309,6.7745,22,3.008670739513235e-08,3.217959787575603e-30,3.217959787575618e-30,3.217959787575603e-30,19.59690013767525,106.8394779645666,True,True,***
income_level,High Income,diff_freedom,6.667000000000001,0.2926914513857309,6.7745,22,4.462725545728976e-08,3.217959787575603e-30,3.217959787575618e-30,3.217959787575603e-30,14.06158446831348,106.8394779645666,True,True,***
continent,Asia,diff_social_support,6.89704347826087,0.3672856800244028,6.91,23,0.6957230887826763,9.561796060326877e-30,9.561796060326777e-30,9.561796060326877e-30,0.6429011545477264,90.05812186444135,True,True,***
income_level,Lower Middle Income,diff_gdp,3.856833333333333,0.4673130888264373,3.865,30,7.17011776300558e-10,1.930043704190091e-28,1.930043704190091e-28,1.930043704190091e-28,17.7962879536655,45.20469611731961,True,True,***
developed_east_vs_west,Developed West,diff_health,6.2370625,0.1040573359579547,6.2085,16,0.0166932758453583,2.691753813168573e-28,2.691753813168577e-28,2.691753813168573e-28,3.523820807998674,239.75484063978527,True,True,***
east_west,East,diff_gdp,4.1337777777777776,0.7735031299636039,4.301,36,5.951826801752186e-05,1.5459229099944608e-27,1.5459229099944719e-27,1.5459229099944608e-27,10.417210096586246,32.06537337196517,True,True,***
east_west,Other,diff_overall_happiness,1.6291142857142855,0.7745203759982295,1.4770000000000003,70,7.397525480734871e-12,3.25488015035344e-27,3.25488015035344e-27,3.25488015035344e-27,30.784710661920176,17.59817874069554,True,True,***
east_west,Other,diff_life_evaluation,1.6291142857142855,0.7745203759982295,1.4770000000000003,70,7.397525480734871e-12,3.25488015035344e-27,3.25488015035344e-27,3.25488015035344e-27,30.784710661920176,17.59817874069554,True,True,***
developed_east_vs_west,Developed West,diff_freedom,6.8005625,0.1492554717031615,6.820500000000001,16,7.668469415912984e-06,1.643778863203368e-26,1.6437788632033763e-26,1.643778863203368e-26,9.655577810871776,182.25294985566552,True,True,***
income_level,High Income,diff_generosity,4.271454545454546,0.3197620733448286,4.26,22,8.499051198165841e-09,2.288390732333812e-25,2.288390732333812e-25,2.288390732333812e-25,15.52872621266144,62.65564113904142,True,True,***
world_123,World 1,diff_generosity,4.271454545454546,0.3197620733448286,4.26,22,1.1959967046077865e-08,2.288390732333812e-25,2.288390732333812e-25,2.288390732333812e-25,20.76070152725998,62.65564113904142,True,True,***
world_123,World 1,diff_gdp,4.8305,0.3689369219540823,4.8705,22,1.0616486457563084e-09,3.4790994964903896e-25,3.4790994964903896e-25,3.4790994964903896e-25,23.93380096087878,61.41172644858508,True,True,***
income_level,High Income,diff_gdp,4.8305,0.3689369219540823,4.8705,22,7.17011776300558e-10,3.4790994964903896e-25,3.4790994964903896e-25,3.4790994964903896e-25,17.7962879536655,61.41172644858508,True,True,***
region,Western Europe,diff_generosity,4.0565,0.2442663559141514,4.0625,20,0.0001128633473446,7.0185101560008e-25,7.018510156000784e-25,7.0185101560008e-25,4.090654596313316,74.26818742009482,True,True,***
income_level,Upper Middle Income,diff_life_evaluation,1.048453488372093,0.6866411111041024,0.9579999999999996,86,4.596425091027941e-16,4.435759133160179e-24,4.435759133160179e-24,4.435759133160179e-24,32.45966307433899,14.160174076673254,True,True,***
income_level,Upper Middle Income,diff_overall_happiness,1.048453488372093,0.6866411111041024,0.9579999999999996,86,4.596425091027941e-16,4.435759133160179e-24,4.435759133160179e-24,4.435759133160179e-24,32.45966307433899,14.160174076673254,True,True,***
income_level,Lower Middle Income,diff_corruption,2.2302000000000004,0.3911732485035595,2.1675000000000004,30,5.069787397165632e-31,7.106389219608829e-24,7.106389219608829e-24,7.106389219608829e-24,82.77537895134408,31.22736159543143,True,True,***
region,Eastern Europe,diff_social_support,6.636153846153847,0.1046492922048416,6.643999999999999,13,0.0007988824470723,3.296265729485126e-23,3.296265729485128e-23,3.296265729485126e-23,3.4201244003077127,228.63979736566503,True,True,***
continent,Asia,diff_generosity,4.009347826086957,0.4584720283621607,3.929,23,0.0741733221745481,1.728983897187464e-22,1.728983897187464e-22,1.728983897187464e-22,1.9681257325114807,41.939650628116965,True,True,***
developed_east_vs_west,Developed West,diff_generosity,4.2260625,0.1732425924342317,4.259,16,9.812371189677032e-11,1.9160264083718888e-22,1.916026408371898e-22,1.9160264083718888e-22,19.67513607060765,97.57560056380125,True,True,***
region,Western Europe,diff_gdp,4.67545,0.3855319599012037,4.7135,20,0.0001310411009395,2.6818099999419915e-22,2.6818099999420117e-22,2.6818099999419915e-22,4.039540325253974,54.23479821533081,True,True,***
continent,Asia,diff_freedom,5.826478260869566,0.7119698582463891,6.056000000000001,23,4.842512467999983e-07,7.306879131054739e-22,7.306879131054788e-22,7.306879131054739e-22,7.573090816218942,39.24717850022305,True,True,***
region,Other,diff_overall_happiness,1.6099827586206898,0.8037201767434592,1.4590000000000003,58,8.839949186330663e-14,8.776297700176738e-22,8.77629770017681e-22,8.776297700176738e-22,11.953455325027166,15.255637159301688,True,True,***
region,Other,diff_life_evaluation,1.6099827586206898,0.8037201767434592,1.4590000000000003,58,8.839949186330663e-14,8.776297700176738e-22,8.77629770017681e-22,8.776297700176738e-22,11.953455325027166,15.255637159301688,True,True,***
continent,Other,diff_life_evaluation,1.6099827586206898,0.8037201767434592,1.4590000000000003,58,3.279069094545492e-11,8.776297700176738e-22,8.77629770017681e-22,8.776297700176738e-22,12.44803511728901,15.255637159301688,True,True,***
continent,Other,diff_overall_happiness,1.6099827586206898,0.8037201767434592,1.4590000000000003,58,3.279069094545492e-11,8.776297700176738e-22,8.77629770017681e-22,8.776297700176738e-22,12.44803511728901,15.255637159301688,True,True,***
region,Eastern Europe,diff_health,6.135692307692308,0.1366829571279122,6.183,13,0.2279608140137804,2.07893435778054e-21,2.0789343577805284e-21,2.07893435778054e-21,1.328039533259262,161.85304803693674,True,True,***
global_north_south,Global North,diff_corruption,5.583631578947369,1.7471002295085394,5.58,38,2.6623721784054475e-29,3.2932853255137728e-21,3.2932853255137728e-21,3.2932853255137728e-21,203.10432225512923,19.701111654232488,True,True,***
developed_east_vs_west,Developed West,diff_gdp,4.8223125,0.2821018063867488,4.8705,16,1.2174317618386184e-08,3.9254022009724596e-20,3.925402200972471e-20,3.9254022009724596e-20,15.20526351470229,68.37691061628762,True,True,***
economic_model,Social Market,diff_social_support,6.907,0.0657552279290398,6.927999999999999,9,0.5218158974032169,1.1514595518305319e-17,1.1514595518305172e-17,1.1514595518305319e-17,0.8423934750291836,315.1232328228129,True,True,***
region,Eastern Europe,diff_freedom,6.453923076923076,0.2991801189747469,6.539,13,7.438567789048432e-07,1.359101300480546e-17,1.3591013004805413e-17,1.359101300480546e-17,5.834096832852206,77.77906721038053,True,True,***
region,Africa,diff_health,6.051916666666667,0.2264743446571348,6.075000000000001,12,0.2279608140137804,2.9181523180320976e-17,2.9181523180320736e-17,2.9181523180320976e-17,1.328039533259262,92.56878226722628,True,True,***
continent,Africa,diff_health,6.051916666666667,0.2264743446571348,6.075000000000001,12,0.0798052324610182,2.9181523180320976e-17,2.9181523180320736e-17,2.9181523180320976e-17,1.9316607471209333,92.56878226722628,True,True,***
income_level,Lower Middle Income,diff_life_evaluation,2.0053,0.6323934365730637,2.0340000000000003,30,4.596425091027941e-16,7.235940396725895e-17,7.235940396725895e-17,7.235940396725895e-17,32.45966307433899,17.36811265020477,True,True,***
income_level,Lower Middle Income,diff_overall_happiness,2.0053,0.6323934365730637,2.0340000000000003,30,4.596425091027941e-16,7.235940396725895e-17,7.235940396725895e-17,7.235940396725895e-17,32.45966307433899,17.36811265020477,True,True,***
continent,Africa,diff_social_support,6.8773333333333335,0.2820542608446219,6.784999999999999,12,0.6957230887826763,7.983462750920612e-17,7.983462750920587e-17,7.983462750920612e-17,0.6429011545477264,84.4652423845664,True,True,***
region,Africa,diff_social_support,6.8773333333333335,0.2820542608446219,6.784999999999999,12,0.0007988824470723,7.983462750920612e-17,7.983462750920587e-17,7.983462750920612e-17,3.4201244003077127,84.4652423845664,True,True,***
region,Latin America,diff_social_support,6.792199999999999,0.1357905249517311,6.8415,10,0.0007988824470723,8.202814055934549e-17,8.202814055934592e-17,8.202814055934549e-17,3.4201244003077127,158.17614911666837,True,True,***
continent,South America,diff_social_support,6.792199999999999,0.1357905249517311,6.8415,10,0.6957230887826763,8.202814055934549e-17,8.202814055934592e-17,8.202814055934549e-17,0.6429011545477264,158.17614911666837,True,True,***
continent,Asia,diff_gdp,4.106565217391304,0.9293341617468516,4.3660000000000005,23,0.0007941317797574,3.960224282918522e-16,3.960224282918522e-16,3.960224282918522e-16,4.105128193232034,21.19194121206692,True,True,***
east_west,West,diff_corruption,4.577170731707317,2.23294227312798,3.905,41,1.4609622417470044e-09,4.4093371166011963e-16,4.4093371166011963e-16,4.4093371166011963e-16,23.53367510008206,13.125369698880515,True,True,***
region,North America,diff_social_support,6.871111111111111,0.1138655396119085,6.892999999999999,9,0.0007988824470723,9.700387385068466e-16,9.700387385068466e-16,9.700387385068466e-16,3.4201244003077127,181.0322368259122,True,True,***
continent,North America,diff_social_support,6.871111111111111,0.1138655396119085,6.892999999999999,9,0.6957230887826763,9.700387385068466e-16,9.700387385068466e-16,9.700387385068466e-16,0.6429011545477264,181.0322368259122,True,True,***
continent,South America,diff_health,6.182,0.1630718996162258,6.181000000000001,10,0.0798052324610182,9.93138277442248e-16,9.931382774422545e-16,9.93138277442248e-16,1.9316607471209333,119.88086568665808,True,True,***
region,Latin America,diff_health,6.182,0.1630718996162258,6.181000000000001,10,0.2279608140137804,9.93138277442248e-16,9.931382774422545e-16,9.93138277442248e-16,1.328039533259262,119.88086568665808,True,True,***
region,North America,diff_health,6.188888888888889,0.104233445261639,6.184,9,0.2279608140137804,1.1041017164634656e-15,1.1041017164634494e-15,1.1041017164634656e-15,1.328039533259262,178.12580808455442,True,True,***
continent,North America,diff_health,6.188888888888889,0.104233445261639,6.184,9,0.0798052324610182,1.1041017164634656e-15,1.1041017164634494e-15,1.1041017164634656e-15,1.9316607471209333,178.12580808455442,True,True,***
economic_model,Social Market,diff_health,6.2588888888888885,0.1080629960306074,6.221,9,0.0636752001039948,1.346703093131158e-15,1.3467030931311497e-15,1.346703093131158e-15,2.144321500627772,173.75667301828662,True,True,***
continent,Europe,diff_corruption,5.08560606060606,2.0324433869636125,4.541,33,7.185276006764986e-13,1.6387408121801586e-15,1.6387408121801586e-15,1.6387408121801586e-15,14.584313560956948,14.374118756837984,True,True,***
world_123,World 1,diff_corruption,6.524318181818182,1.5766588055687536,6.702,22,1.3907379383817668e-29,6.825680413488751e-15,6.825680413488751e-15,6.825680413488751e-15,109.59106240008398,19.40924993664908,True,True,***
income_level,High Income,diff_corruption,6.524318181818182,1.5766588055687536,6.702,22,5.069787397165632e-31,6.825680413488751e-15,6.825680413488751e-15,6.825680413488751e-15,82.77537895134408,19.40924993664908,True,True,***
continent,South America,diff_generosity,3.6837,0.1263637166630078,3.6815,10,0.0741733221745481,1.0544681461568736e-14,1.0544681461568736e-14,1.0544681461568736e-14,1.9681257325114807,92.18534025734624,True,True,***
region,Latin America,diff_generosity,3.6837,0.1263637166630078,3.6815,10,0.0001128633473446,1.0544681461568736e-14,1.0544681461568736e-14,1.0544681461568736e-14,4.090654596313316,92.18534025734624,True,True,***
region,Eastern Europe,diff_generosity,3.686923076923077,0.307861024256742,3.667,13,0.0001128633473446,1.5470470439020702e-14,1.5470470439020673e-14,1.5470470439020702e-14,4.090654596313316,43.17984140613896,True,True,***
economic_model,Social Market,diff_freedom,6.805222222222223,0.1652004674462041,6.8340000000000005,9,0.0001448251010136,2.0548536707986365e-14,2.0548536707986365e-14,2.0548536707986365e-14,5.391569927018312,123.58116767021144,True,True,***
region,Middle East,diff_social_support,6.837636363636364,0.368050342406381,6.936,11,0.0007988824470723,3.0825723349659365e-14,3.0825723349659365e-14,3.0825723349659365e-14,3.4201244003077127,61.61622924407509,True,True,***
region,Middle East,diff_health,6.002454545454546,0.3372246620982407,5.922000000000001,11,0.2279608140137804,4.7243076555355835e-14,4.7243076555355835e-14,4.7243076555355835e-14,1.328039533259262,59.03450069329866,True,True,***
region,Africa,diff_freedom,5.879,0.4461424558468864,5.949,12,7.438567789048432e-07,6.820426583035876e-14,6.820426583035876e-14,6.820426583035876e-14,5.834096832852206,45.64787127630861,True,True,***
continent,Africa,diff_freedom,5.879,0.4461424558468864,5.949,12,4.842512467999983e-07,6.820426583035876e-14,6.820426583035876e-14,6.820426583035876e-14,7.573090816218942,45.64787127630861,True,True,***
region,Eastern Europe,diff_gdp,4.181923076923077,0.3971795273211811,4.291,13,0.0001310411009395,7.178022739616736e-14,7.178022739616736e-14,7.178022739616736e-14,4.039540325253974,37.96302942799788,True,True,***
east_west,East,diff_corruption,3.470371428571428,1.697481267083923,2.892,35,1.4609622417470044e-09,7.23289324451215e-14,7.23289324451215e-14,7.23289324451215e-14,23.53367510008206,12.094975447763172,True,True,***
east_west,West,diff_overall_happiness,0.5286341463414634,0.31077433582083,0.492,41,7.397525480734871e-12,1.5531717974090116e-13,1.5531717974089773e-13,1.5531717974090116e-13,30.784710661920176,10.891858577167518,True,True,***
east_west,West,diff_life_evaluation,0.5286341463414634,0.31077433582083,0.492,41,7.397525480734871e-12,1.5531717974090116e-13,1.5531717974089773e-13,1.5531717974090116e-13,30.784710661920176,10.891858577167518,True,True,***
continent,Africa,diff_generosity,3.86975,0.3345716732562016,3.921,12,0.0741733221745481,2.8402826123685053e-13,2.8402826123685e-13,2.8402826123685053e-13,1.9681257325114807,40.06677282243841,True,True,***
region,Africa,diff_generosity,3.86975,0.3345716732562016,3.921,12,0.0001128633473446,2.8402826123685053e-13,2.8402826123685e-13,2.8402826123685053e-13,4.090654596313316,40.06677282243841,True,True,***
economic_model,Social Market,diff_gdp,4.940555555555556,0.1795307154159917,4.901,9,2.4479500500333532e-08,5.167943243801291e-13,5.167943243801297e-13,5.167943243801291e-13,10.173220444618682,82.5578321365416,True,True,***
world_123,World 3,diff_health,5.9446666666666665,0.2578962969877622,5.888,9,0.0065106763935741,2.1289984004776328e-12,2.128998400477631e-12,2.1289984004776328e-12,5.215778686529728,69.15182656091521,True,True,***
income_level,Low Income,diff_health,5.9446666666666665,0.2578962969877622,5.888,9,0.0113723037825534,2.1289984004776328e-12,2.128998400477631e-12,2.1289984004776328e-12,3.822479333548094,69.15182656091521,True,True,***
developed_east_vs_west,Developed West,diff_corruption,6.8943125,1.3670756974286389,7.190999999999999,16,6.836057129454176e-30,2.786038979487575e-12,2.786038979487575e-12,2.786038979487575e-12,78.07565673563329,20.17243818456478,True,True,***
region,Latin America,diff_freedom,6.235,0.4038203671050888,6.3485,10,7.438567789048432e-07,3.179375324420931e-12,3.179375324420931e-12,3.179375324420931e-12,5.834096832852206,48.82567303996037,True,True,***
continent,South America,diff_freedom,6.235,0.4038203671050888,6.3485,10,4.842512467999983e-07,3.179375324420931e-12,3.179375324420931e-12,3.179375324420931e-12,7.573090816218942,48.82567303996037,True,True,***
economic_model,Social Market,diff_generosity,4.163777777777778,0.2086604764790026,4.14,9,6.18764571557918e-10,6.735702698882584e-12,6.735702698882608e-12,6.735702698882584e-12,12.341549157628684,59.86439571171179,True,True,***
continent,North America,diff_gdp,4.313888888888889,0.2239176435904756,4.375,9,0.0007941317797574,8.917907183755936e-12,8.917907183755936e-12,8.917907183755936e-12,4.105128193232034,57.79654724455651,True,True,***
region,North America,diff_gdp,4.313888888888889,0.2239176435904756,4.375,9,0.0001310411009395,8.917907183755936e-12,8.917907183755936e-12,8.917907183755936e-12,4.039540325253974,57.79654724455651,True,True,***
developed_country_type,Central Europe,diff_health,6.213666666666666,0.0639395547893997,6.2085,6,0.0295245318316917,2.482858115213544e-11,2.482858115213544e-11,2.482858115213544e-11,2.5679739675913837,238.04220744428835,True,True,***
region,Western Europe,diff_corruption,5.9113,1.958242017729167,6.187,20,1.739440024384001e-16,3.459061875722988e-11,3.459061875722988e-11,3.459061875722988e-11,14.742240907059404,13.499933629983648,True,True,***
world_123,World 3,diff_generosity,3.778555555555556,0.2324747895531423,3.7400000000000007,9,1.1959967046077865e-08,3.4625534739591195e-11,3.4625534739591195e-11,3.4625534739591195e-11,20.76070152725998,48.76084279269948,True,True,***
income_level,Low Income,diff_generosity,3.778555555555556,0.2324747895531423,3.7400000000000007,9,8.499051198165841e-09,3.4625534739591195e-11,3.4625534739591195e-11,3.4625534739591195e-11,15.52872621266144,48.76084279269948,True,True,***
continent,North America,diff_generosity,3.877222222222223,0.2583833284955601,3.771,9,0.0741733221745481,6.546939876091191e-11,6.546939876091239e-11,6.546939876091191e-11,1.9681257325114807,45.01709430864676,True,True,***
region,North America,diff_generosity,3.877222222222223,0.2583833284955601,3.771,9,0.0001128633473446,6.546939876091191e-11,6.546939876091239e-11,6.546939876091191e-11,4.090654596313316,45.01709430864676,True,True,***
developed_country_type,Central Europe,diff_social_support,6.903333333333333,0.0882670191332337,6.898,6,0.8157089140996296,7.353549791291122e-11,7.353549791291055e-11,7.353549791291122e-11,0.445884080150411,191.57375378780017,True,True,***
global_north_south,Global North,diff_life_evaluation,0.5191052631578946,0.3564619527457794,0.4970000000000003,38,7.170049270694188e-10,7.980297564157571e-11,7.980297564157519e-11,7.980297564157571e-11,43.57708098528735,8.977058360861234,True,True,***
global_north_south,Global North,diff_overall_happiness,0.5191052631578946,0.3564619527457794,0.4970000000000003,38,7.170049270694188e-10,7.980297564157571e-11,7.980297564157519e-11,7.980297564157571e-11,43.57708098528735,8.977058360861234,True,True,***
world_123,World 3,diff_social_support,6.941666666666666,0.4902188286877605,6.935,9,0.3665309583873041,1.0393026951730533e-10,1.0393026951730502e-10,1.0393026951730533e-10,1.01070045229773,42.48102843325149,True,True,***
income_level,Low Income,diff_social_support,6.941666666666666,0.4902188286877605,6.935,9,0.0001387328730394,1.0393026951730533e-10,1.0393026951730502e-10,1.0393026951730533e-10,7.290667433410775,42.48102843325149,True,True,***
region,Middle East,diff_generosity,4.245727272727273,0.5295143229241472,4.376,11,0.0001128633473446,1.304492694693043e-10,1.304492694693043e-10,1.304492694693043e-10,4.090654596313316,26.593207617223342,True,True,***
region,Africa,diff_gdp,3.7310833333333338,0.5717924700342586,3.711,12,0.0001310411009395,1.4322486531230903e-10,1.4322486531230903e-10,1.4322486531230903e-10,4.039540325253974,22.604095853936613,True,True,***
continent,Africa,diff_gdp,3.7310833333333338,0.5717924700342586,3.711,12,0.0007941317797574,1.4322486531230903e-10,1.4322486531230903e-10,1.4322486531230903e-10,4.105128193232034,22.604095853936613,True,True,***
developed_country_type,Nordic,diff_social_support,6.948,0.039172694571601,6.962,5,0.8157089140996296,2.4248639774595795e-10,2.4248639774595795e-10,2.4248639774595795e-10,0.445884080150411,396.607904500186,True,True,***
region,Middle East,diff_freedom,5.757272727272727,0.8188109782982994,5.95,11,7.438567789048432e-07,4.759179064432373e-10,4.759179064432386e-10,4.759179064432373e-10,5.834096832852206,23.320050607764838,True,True,***
continent,Europe,diff_overall_happiness,0.5783333333333333,0.3813642178635362,0.492,33,3.279069094545492e-11,5.912426316750202e-10,5.91242631675015e-10,5.912426316750202e-10,12.44803511728901,8.711546359871923,True,True,***
continent,Europe,diff_life_evaluation,0.5783333333333333,0.3813642178635362,0.492,33,3.279069094545492e-11,5.912426316750202e-10,5.91242631675015e-10,5.912426316750202e-10,12.44803511728901,8.711546359871923,True,True,***
economic_model,Market Liberal,diff_health,6.162000000000001,0.0546808924579694,6.138999999999999,5,0.0636752001039948,1.488062749852558e-09,1.4880627498525679e-09,1.488062749852558e-09,2.144321500627772,251.9829186757464,True,True,***
developed_country_type,Anglo-Saxon,diff_health,6.162000000000001,0.0546808924579694,6.138999999999999,5,0.0295245318316917,1.488062749852558e-09,1.4880627498525679e-09,1.488062749852558e-09,2.5679739675913837,251.9829186757464,True,True,***
economic_model,Market Liberal,diff_social_support,6.850200000000001,0.0655720977245651,6.8580000000000005,5,0.5218158974032169,2.014751506448307e-09,2.014751506448307e-09,2.014751506448307e-09,0.8423934750291836,233.59803012266124,True,True,***
developed_country_type,Anglo-Saxon,diff_social_support,6.850200000000001,0.0655720977245651,6.8580000000000005,5,0.8157089140996296,2.014751506448307e-09,2.014751506448307e-09,2.014751506448307e-09,0.445884080150411,233.59803012266124,True,True,***
developed_country_type,Central Europe,diff_freedom,6.755166666666667,0.1688234778301481,6.762,6,6.935947853145883e-05,2.0961644150166804e-09,2.0961644150166804e-09,2.0961644150166804e-09,5.783499593497898,98.01190967904564,True,True,***
region,East Asia,diff_social_support,6.701833333333333,0.1789138526405,6.703499999999999,6,0.0007988824470723,2.914908370277215e-09,2.914908370277215e-09,2.914908370277215e-09,3.4201244003077127,91.75405797575635,True,True,***
region,North America,diff_freedom,6.201555555555555,0.6720022528070703,6.376,9,7.438567789048432e-07,3.1258892688953943e-09,3.1258892688953943e-09,3.1258892688953943e-09,5.834096832852206,27.68542306063966,True,True,***
continent,North America,diff_freedom,6.201555555555555,0.6720022528070703,6.376,9,4.842512467999983e-07,3.1258892688953943e-09,3.1258892688953943e-09,3.1258892688953943e-09,7.573090816218942,27.68542306063966,True,True,***
region,Latin America,diff_gdp,4.099,0.5764625843115151,4.274,10,0.0001310411009395,3.223731026708476e-09,3.223731026708476e-09,3.223731026708476e-09,4.039540325253974,22.485719770540285,True,True,***
continent,South America,diff_gdp,4.099,0.5764625843115151,4.274,10,0.0007941317797574,3.223731026708476e-09,3.223731026708476e-09,3.223731026708476e-09,4.105128193232034,22.485719770540285,True,True,***
region,South Asia,diff_health,5.988333333333333,0.1706372370459234,5.9405,6,0.2279608140137804,4.037713151559e-09,4.037713151559e-09,4.037713151559e-09,1.328039533259262,85.96225144233277,True,True,***
east_west,East,diff_overall_happiness,1.1585277777777778,0.8982765875707648,0.9195000000000002,36,7.397525480734871e-12,4.3713071199696655e-09,4.3713071199696655e-09,4.3713071199696655e-09,30.784710661920176,7.738336680314584,True,True,***
east_west,East,diff_life_evaluation,1.1585277777777778,0.8982765875707648,0.9195000000000002,36,7.397525480734871e-12,4.3713071199696655e-09,4.3713071199696655e-09,4.3713071199696655e-09,30.784710661920176,7.738336680314584,True,True,***
region,East Asia,diff_health,6.0565,0.1939801536240236,6.0535,6,0.2279608140137804,7.241164303490851e-09,7.241164303490851e-09,7.241164303490851e-09,1.328039533259262,76.47862087953828,True,True,***
developed_country_type,Nordic,diff_freedom,6.9148,0.0919847813499603,6.964,5,6.935947853145883e-05,7.513706160439688e-09,7.513706160439718e-09,7.513706160439688e-09,5.783499593497898,168.0926194952817,True,True,***
economic_model,Social Market,diff_corruption,7.383777777777777,0.9021706847622816,7.802,9,3.723217385309001e-28,8.085668884558585e-09,8.085668884558585e-09,8.085668884558585e-09,46.58243647273313,24.553373000775483,True,True,***
income_level,Low Income,diff_freedom,5.405222222222222,0.6819427721183386,5.565,9,4.462725545728976e-08,1.0417284936502656e-08,1.0417284936502656e-08,1.0417284936502656e-08,14.06158446831348,23.77863265020827,True,True,***
world_123,World 3,diff_freedom,5.405222222222222,0.6819427721183386,5.565,9,3.008670739513235e-08,1.0417284936502656e-08,1.0417284936502656e-08,1.0417284936502656e-08,19.59690013767525,23.77863265020827,True,True,***
developed_country_type,Anglo-Saxon,diff_generosity,4.3042,0.0644259264582203,4.260999999999999,5,1.0015263674229479e-09,1.2043547630931411e-08,1.2043547630931411e-08,1.2043547630931411e-08,12.052021828451204,149.38836455841997,True,True,***
economic_model,Market Liberal,diff_generosity,4.3042,0.0644259264582203,4.260999999999999,5,6.18764571557918e-10,1.2043547630931411e-08,1.2043547630931411e-08,1.2043547630931411e-08,12.341549157628684,149.38836455841997,True,True,***
developed_country_type,Nordic,diff_health,6.3402,0.1065068072941817,6.392,5,0.0295245318316917,1.910493153319529e-08,1.9104931533195037e-08,1.910493153319529e-08,2.5679739675913837,133.10997250894593,True,True,***
region,South Asia,diff_generosity,3.836166666666667,0.1579207607208966,3.8125,6,0.0001128633473446,2.5370041533307625e-08,2.537004153330764e-08,2.5370041533307625e-08,4.090654596313316,59.50231533024358,True,True,***
developed_country_type,Anglo-Saxon,diff_freedom,6.7408,0.1248326880268139,6.752999999999999,5,6.935947853145883e-05,2.8215009453109348e-08,2.8215009453109348e-08,2.8215009453109348e-08,5.783499593497898,120.7447124706066,True,True,***
economic_model,Market Liberal,diff_freedom,6.7408,0.1248326880268139,6.752999999999999,5,0.0001448251010136,2.8215009453109348e-08,2.8215009453109348e-08,2.8215009453109348e-08,5.391569927018312,120.7447124706066,True,True,***
region,East Asia,diff_freedom,6.2045,0.2629819385433156,6.254,6,7.438567789048432e-07,2.9351421864043306e-08,2.9351421864043306e-08,2.9351421864043306e-08,5.834096832852206,57.79050528443426,True,True,***
continent,Asia,diff_corruption,3.266545454545455,1.8360718610086808,2.7005,22,7.185276006764986e-13,4.1601911725183994e-08,4.1601911725183994e-08,4.1601911725183994e-08,14.584313560956948,8.344693149298886,True,True,***
region,East Asia,diff_gdp,4.491,0.2044005870833053,4.536,6,0.0001310411009395,4.188090126415635e-08,4.1880901264156225e-08,4.188090126415635e-08,4.039540325253974,53.81911369146808,True,True,***
developed_country_type,Nordic,diff_corruption,8.162,0.1828154807449293,8.228,5,4.8505303836050135e-31,6.036515286232321e-08,6.036515286232321e-08,6.036515286232321e-08,54.09947397393268,99.83173611986064,True,True,***
developed_country_type,Nordic,diff_gdp,4.9914000000000005,0.1122109620313451,4.946,5,5.392716657973437e-08,6.125905493740092e-08,6.125905493740087e-08,6.125905493740092e-08,9.719965065068958,99.46541318997566,True,True,***
developed_country_type,Central Europe,diff_gdp,4.9526666666666666,0.2437356491501947,4.903499999999999,6,5.392716657973437e-08,6.186557903342649e-08,6.186557903342649e-08,6.186557903342649e-08,9.719965065068958,49.77321225566183,True,True,***
region,South Asia,diff_social_support,7.2011666666666665,0.3551627326545771,7.240499999999999,6,0.0007988824470723,6.254084805442796e-08,6.254084805442779e-08,6.254084805442796e-08,3.4201244003077127,49.66507537047129,True,True,***
income_level,Low Income,diff_gdp,3.741111111111112,0.6007870763516068,3.755,9,7.17011776300558e-10,6.959294073244151e-08,6.959294073244151e-08,6.959294073244151e-08,17.7962879536655,18.681049867931836,True,True,***
world_123,World 3,diff_gdp,3.741111111111112,0.6007870763516068,3.755,9,1.0616486457563084e-09,6.959294073244151e-08,6.959294073244151e-08,6.959294073244151e-08,23.93380096087878,18.681049867931836,True,True,***
developed_country_type,Central Europe,diff_generosity,4.113333333333333,0.2132253893575215,4.0625,6,1.0015263674229479e-09,8.018056313495818e-08,8.018056313495818e-08,8.018056313495818e-08,12.052021828451204,47.2531335926142,True,True,***
region,Africa,diff_corruption,2.3725,0.6804278734069399,2.173,12,1.739440024384001e-16,1.0877980522989442e-07,1.0877980522989397e-07,1.0877980522989442e-07,14.742240907059404,12.07854851795449,True,True,***
continent,Africa,diff_corruption,2.3725,0.6804278734069399,2.173,12,7.185276006764986e-13,1.0877980522989442e-07,1.0877980522989397e-07,1.0877980522989442e-07,14.584313560956948,12.07854851795449,True,True,***
developed_country_type,Anglo-Saxon,diff_gdp,4.4968,0.1338121818071884,4.516,5,5.392716657973437e-08,1.8796066913732417e-07,1.8796066913732417e-07,1.8796066913732417e-07,9.719965065068958,75.14376004801753,True,True,***
economic_model,Market Liberal,diff_gdp,4.4968,0.1338121818071884,4.516,5,2.4479500500333532e-08,1.8796066913732417e-07,1.8796066913732417e-07,1.8796066913732417e-07,10.173220444618682,75.14376004801753,True,True,***
developed_country_type,Nordic,diff_generosity,4.2832,0.1441950068483648,4.259,5,1.0015263674229479e-09,3.0780999856320644e-07,3.078099985632068e-07,3.0780999856320644e-07,12.052021828451204,66.42065193907031,True,True,***
region,Eastern Europe,diff_corruption,3.8153076923076927,1.4350943281781972,3.3000000000000003,13,1.739440024384001e-16,5.646497125908192e-07,5.646497125908192e-07,5.646497125908192e-07,14.742240907059404,9.585632976301078,True,True,***
continent,Asia,diff_overall_happiness,1.4299565217391306,0.9891013588220954,1.0780000000000003,23,3.279069094545492e-11,5.825520202943983e-07,5.825520202943995e-07,5.825520202943983e-07,12.44803511728901,6.933395149805488,True,True,***
continent,Asia,diff_life_evaluation,1.4299565217391306,0.9891013588220954,1.0780000000000003,23,3.279069094545492e-11,5.825520202943983e-07,5.825520202943995e-07,5.825520202943983e-07,12.44803511728901,6.933395149805488,True,True,***
region,Middle East,diff_gdp,4.026454545454545,1.251271302606782,4.09,11,0.0001310411009395,8.726370531153873e-07,8.726370531153873e-07,8.726370531153873e-07,4.039540325253974,10.67253675112084,True,True,***
region,East Asia,diff_generosity,3.749166666666667,0.314653089396349,3.801,6,0.0001128633473446,8.850442244167163e-07,8.850442244167149e-07,8.850442244167163e-07,4.090654596313316,29.18625496925173,True,True,***
region,Africa,diff_life_evaluation,1.7215833333333332,0.6358917086670617,1.8560000000000003,12,8.839949186330663e-14,1.3982325497106162e-06,1.3982325497106228e-06,1.3982325497106162e-06,11.953455325027166,9.37854594471009,True,True,***
region,Africa,diff_overall_happiness,1.7215833333333332,0.6358917086670617,1.8560000000000003,12,8.839949186330663e-14,1.3982325497106162e-06,1.3982325497106228e-06,1.3982325497106162e-06,11.953455325027166,9.37854594471009,True,True,***
continent,Africa,diff_life_evaluation,1.7215833333333332,0.6358917086670617,1.8560000000000003,12,3.279069094545492e-11,1.3982325497106162e-06,1.3982325497106228e-06,1.3982325497106162e-06,12.44803511728901,9.37854594471009,True,True,***
continent,Africa,diff_overall_happiness,1.7215833333333332,0.6358917086670617,1.8560000000000003,12,3.279069094545492e-11,1.3982325497106162e-06,1.3982325497106228e-06,1.3982325497106162e-06,12.44803511728901,9.37854594471009,True,True,***
world_123,World 3,diff_corruption,1.960444444444444,0.4874041216257591,2.092,9,1.3907379383817668e-29,2.05523995948243e-06,2.0552399594824272e-06,2.05523995948243e-06,109.59106240008398,12.06664669497638,True,True,***
income_level,Low Income,diff_corruption,1.960444444444444,0.4874041216257591,2.092,9,5.069787397165632e-31,2.05523995948243e-06,2.0552399594824272e-06,2.05523995948243e-06,82.77537895134408,12.06664669497638,True,True,***
developed_country_type,Central Europe,diff_corruption,6.9115,0.7457717479229148,6.852499999999999,6,4.8505303836050135e-31,3.0839438195908555e-06,3.0839438195908555e-06,3.0839438195908555e-06,54.09947397393268,22.70084433259577,True,True,***
region,Western Europe,diff_overall_happiness,0.51335,0.3564171528449568,0.4624999999999999,20,8.839949186330663e-14,3.5634050991329228e-06,3.5634050991328995e-06,3.5634050991329228e-06,11.953455325027166,6.4412472131993725,True,True,***
region,Western Europe,diff_life_evaluation,0.51335,0.3564171528449568,0.4624999999999999,20,8.839949186330663e-14,3.5634050991329228e-06,3.5634050991328995e-06,3.5634050991329228e-06,11.953455325027166,6.4412472131993725,True,True,***
region,East Asia,diff_life_evaluation,0.8508333333333332,0.1106009342938232,0.8354999999999997,6,8.839949186330663e-14,7.753202342033567e-06,7.75320234203358e-06,7.753202342033567e-06,11.953455325027166,18.843489307977865,True,True,***
region,East Asia,diff_overall_happiness,0.8508333333333332,0.1106009342938232,0.8354999999999997,6,8.839949186330663e-14,7.753202342033567e-06,7.75320234203358e-06,7.753202342033567e-06,11.953455325027166,18.843489307977865,True,True,***
developed_east_vs_west,Developed West,diff_life_evaluation,0.3439374999999999,0.2079908551675611,0.4079999999999999,16,7.934946487479686e-06,8.228678456448276e-06,8.228678456448142e-06,8.228678456448276e-06,9.621087583092976,6.614473501210759,True,True,***
developed_east_vs_west,Developed West,diff_overall_happiness,0.3439374999999999,0.2079908551675611,0.4079999999999999,16,7.934946487479686e-06,8.228678456448276e-06,8.228678456448142e-06,8.228678456448276e-06,9.621087583092976,6.614473501210759,True,True,***
continent,South America,diff_overall_happiness,0.6992999999999999,0.2475219631107959,0.7235,10,3.279069094545492e-11,9.066918144434724e-06,9.066918144434685e-06,9.066918144434724e-06,12.44803511728901,8.934078980158565,True,True,***
region,Latin America,diff_life_evaluation,0.6992999999999999,0.2475219631107959,0.7235,10,8.839949186330663e-14,9.066918144434724e-06,9.066918144434685e-06,9.066918144434724e-06,11.953455325027166,8.934078980158565,True,True,***
region,Latin America,diff_overall_happiness,0.6992999999999999,0.2475219631107959,0.7235,10,8.839949186330663e-14,9.066918144434724e-06,9.066918144434685e-06,9.066918144434724e-06,11.953455325027166,8.934078980158565,True,True,***
continent,South America,diff_life_evaluation,0.6992999999999999,0.2475219631107959,0.7235,10,3.279069094545492e-11,9.066918144434724e-06,9.066918144434685e-06,9.066918144434724e-06,12.44803511728901,8.934078980158565,True,True,***
region,South Asia,diff_freedom,5.575333333333333,0.7500644416759583,5.842499999999999,6,7.438567789048432e-07,9.186067820392038e-06,9.186067820392038e-06,9.186067820392038e-06,5.834096832852206,18.207397996473887,True,True,***
world_123,World 1,diff_life_evaluation,0.3894999999999999,0.3307687654396591,0.4309999999999995,22,3.877482951990476e-08,1.7618131050050084e-05,1.7618131050049935e-05,1.7618131050050084e-05,19.25765472133765,5.523245025940946,True,True,***
income_level,High Income,diff_overall_happiness,0.3894999999999999,0.3307687654396591,0.4309999999999995,22,4.596425091027941e-16,1.7618131050050084e-05,1.7618131050049935e-05,1.7618131050050084e-05,32.45966307433899,5.523245025940946,True,True,***
income_level,High Income,diff_life_evaluation,0.3894999999999999,0.3307687654396591,0.4309999999999995,22,4.596425091027941e-16,1.7618131050050084e-05,1.7618131050049935e-05,1.7618131050050084e-05,32.45966307433899,5.523245025940946,True,True,***
world_123,World 1,diff_overall_happiness,0.3894999999999999,0.3307687654396591,0.4309999999999995,22,3.877482951990476e-08,1.7618131050050084e-05,1.7618131050049935e-05,1.7618131050050084e-05,19.25765472133765,5.523245025940946,True,True,***
region,South Asia,diff_gdp,3.869,0.6064499979388241,3.7485,6,0.0001310411009395,1.9500211763481045e-05,1.9500211763481045e-05,1.9500211763481045e-05,4.039540325253974,15.627134713559885,True,True,***
developed_east_vs_west,Other Developed,diff_health,6.13425,0.2655351514708868,6.132499999999999,4,0.0166932758453583,2.23218657978377e-05,2.23218657978377e-05,2.23218657978377e-05,3.523820807998674,46.20292240797775,True,True,***
developed_country_type,Middle East Developed,diff_health,6.13425,0.2655351514708868,6.132499999999999,4,0.0295245318316917,2.23218657978377e-05,2.23218657978377e-05,2.23218657978377e-05,2.5679739675913837,46.20292240797775,True,True,***
region,South Asia,diff_corruption,2.2038333333333333,0.37041134791832,2.1590000000000003,6,1.739440024384001e-16,2.7465725040538443e-05,2.746572504053848e-05,2.7465725040538443e-05,14.742240907059404,14.573708864864592,True,True,***
developed_east_vs_west,Other Developed,diff_social_support,6.97275,0.3490829653057662,7.006499999999999,4,0.6023133356258594,3.451243892726815e-05,3.451243892726815e-05,3.451243892726815e-05,0.6213256699081429,39.94895593884094,True,True,***
developed_country_type,Middle East Developed,diff_social_support,6.97275,0.3490829653057662,7.006499999999999,4,0.8157089140996296,3.451243892726815e-05,3.451243892726815e-05,3.451243892726815e-05,0.445884080150411,39.94895593884094,True,True,***
developed_east_vs_west,Other Developed,diff_freedom,6.293,0.3692316346143699,6.213,4,7.668469415912984e-06,5.5508607005649925e-05,5.55086070056501e-05,5.5508607005649925e-05,9.655577810871776,34.087003442012715,True,True,***
developed_country_type,Middle East Developed,diff_freedom,6.293,0.3692316346143699,6.213,4,6.935947853145883e-05,5.5508607005649925e-05,5.55086070056501e-05,5.5508607005649925e-05,5.783499593497898,34.087003442012715,True,True,***
developed_country_type,Anglo-Saxon,diff_life_evaluation,0.4315999999999999,0.0536730845023835,0.4309999999999991,5,6.443601325716685e-05,5.623532617663163e-05,5.62353261766317e-05,5.623532617663163e-05,5.81923697706241,17.980836168378776,True,True,***
economic_model,Market Liberal,diff_life_evaluation,0.4315999999999999,0.0536730845023835,0.4309999999999991,5,4.581728980190243e-05,5.623532617663163e-05,5.62353261766317e-05,5.623532617663163e-05,6.001273495697767,17.980836168378776,True,True,***
developed_country_type,Anglo-Saxon,diff_overall_happiness,0.4315999999999999,0.0536730845023835,0.4309999999999991,5,6.443601325716685e-05,5.623532617663163e-05,5.62353261766317e-05,5.623532617663163e-05,5.81923697706241,17.980836168378776,True,True,***
economic_model,Market Liberal,diff_overall_happiness,0.4315999999999999,0.0536730845023835,0.4309999999999991,5,4.581728980190243e-05,5.623532617663163e-05,5.62353261766317e-05,5.623532617663163e-05,6.001273495697767,17.980836168378776,True,True,***
region,Eastern Europe,diff_overall_happiness,0.6783076923076923,0.4108950361944408,0.7429999999999994,13,8.839949186330663e-14,6.692327027711712e-05,6.692327027711712e-05,6.692327027711712e-05,11.953455325027166,5.952063056803906,True,True,***
region,Eastern Europe,diff_life_evaluation,0.6783076923076923,0.4108950361944408,0.7429999999999994,13,8.839949186330663e-14,6.692327027711712e-05,6.692327027711712e-05,6.692327027711712e-05,11.953455325027166,5.952063056803906,True,True,***
economic_model,Other High Income,diff_generosity,4.332666666666667,0.0641274772101109,4.363,3,6.18764571557918e-10,7.301446927530387e-05,7.301446927530387e-05,7.301446927530387e-05,12.341549157628684,117.02314086579268,True,True,***
developed_east_vs_west,Other Developed,diff_generosity,4.6895,0.3309123751085774,4.6135,4,9.812371189677032e-11,9.642670524001252e-05,9.642670524001252e-05,9.642670524001252e-05,19.67513607060765,28.3428505716131,True,True,***
developed_country_type,Middle East Developed,diff_generosity,4.6895,0.3309123751085774,4.6135,4,1.0015263674229479e-09,9.642670524001252e-05,9.642670524001252e-05,9.642670524001252e-05,12.052021828451204,28.3428505716131,True,True,***
continent,North America,diff_corruption,3.078777777777778,1.307477607626396,3.053,9,7.185276006764986e-13,0.0001056663166095,0.0001056663166095,0.0001056663166095,14.584313560956948,7.064238254987049,True,True,***
region,North America,diff_corruption,3.078777777777778,1.307477607626396,3.053,9,1.739440024384001e-16,0.0001056663166095,0.0001056663166095,0.0001056663166095,14.742240907059404,7.064238254987049,True,True,***
continent,South America,diff_corruption,2.8473,1.4291051629137257,2.491,10,7.185276006764986e-13,0.000140914845255,0.000140914845255,0.000140914845255,14.584313560956948,6.300413304392345,True,True,***
region,Latin America,diff_corruption,2.8473,1.4291051629137257,2.491,10,1.739440024384001e-16,0.000140914845255,0.000140914845255,0.000140914845255,14.742240907059404,6.300413304392345,True,True,***
economic_model,Resource-Based,diff_health,6.242,0.1900078945728318,6.143999999999999,3,0.0636752001039948,0.000308726105675,0.000308726105675,0.000308726105675,2.144321500627772,56.900062837656506,True,True,***
income_level,Low Income,diff_life_evaluation,2.058222222222222,1.0275114084254464,1.654,9,4.596425091027941e-16,0.0003200459683509,0.0003200459683509,0.0003200459683509,32.45966307433899,6.009341225834852,True,True,***
world_123,World 3,diff_overall_happiness,2.058222222222222,1.0275114084254464,1.654,9,3.877482951990476e-08,0.0003200459683509,0.0003200459683509,0.0003200459683509,19.25765472133765,6.009341225834852,True,True,***
world_123,World 3,diff_life_evaluation,2.058222222222222,1.0275114084254464,1.654,9,3.877482951990476e-08,0.0003200459683509,0.0003200459683509,0.0003200459683509,19.25765472133765,6.009341225834852,True,True,***
income_level,Low Income,diff_overall_happiness,2.058222222222222,1.0275114084254464,1.654,9,4.596425091027941e-16,0.0003200459683509,0.0003200459683509,0.0003200459683509,32.45966307433899,6.009341225834852,True,True,***
economic_model,Resource-Based,diff_social_support,7.117999999999999,0.2370717191062656,7.144,3,0.5218158974032169,0.0003695570392826,0.0003695570392826,0.0003695570392826,0.8423934750291836,52.004252952453605,True,True,***
region,Middle East,diff_corruption,3.2619,1.955069276976593,2.8215,10,1.739440024384001e-16,0.0005097677518467,0.0005097677518467,0.0005097677518467,14.742240907059404,5.276045008315443,True,True,***
economic_model,Other High Income,diff_social_support,6.844666666666666,0.2685448441756677,6.965,3,0.5218158974032169,0.0005127122272816,0.0005127122272816,0.0005127122272816,0.8423934750291836,44.146483109482695,True,True,***
developed_country_type,Middle East Developed,diff_gdp,5.00475,0.6709393291001307,5.1705,4,5.392716657973437e-08,0.0006535862161151,0.0006535862161151,0.0006535862161151,9.719965065068958,14.91863655306184,True,True,***
developed_east_vs_west,Other Developed,diff_gdp,5.00475,0.6709393291001307,5.1705,4,1.2174317618386184e-08,0.0006535862161151,0.0006535862161151,0.0006535862161151,15.20526351470229,14.91863655306184,True,True,***
region,North America,diff_life_evaluation,0.4038888888888888,0.2298909765760961,0.4429999999999996,9,8.839949186330663e-14,0.0007547325328548,0.0007547325328548,0.0007547325328548,11.953455325027166,5.270614291664438,True,True,***
continent,North America,diff_overall_happiness,0.4038888888888888,0.2298909765760961,0.4429999999999996,9,3.279069094545492e-11,0.0007547325328548,0.0007547325328548,0.0007547325328548,12.44803511728901,5.270614291664438,True,True,***
continent,North America,diff_life_evaluation,0.4038888888888888,0.2298909765760961,0.4429999999999996,9,3.279069094545492e-11,0.0007547325328548,0.0007547325328548,0.0007547325328548,12.44803511728901,5.270614291664438,True,True,***
region,North America,diff_overall_happiness,0.4038888888888888,0.2298909765760961,0.4429999999999996,9,8.839949186330663e-14,0.0007547325328548,0.0007547325328548,0.0007547325328548,11.953455325027166,5.270614291664438,True,True,***
economic_model,Other High Income,diff_health,6.1546666666666665,0.3047463426086249,6.261,3,0.0636752001039948,0.0008162340237786,0.0008162340237786,0.0008162340237786,2.144321500627772,34.98055228182923,True,True,***
region,Oceania,diff_generosity,4.3745,0.009192388155425,4.3745,2,0.0001128633473446,0.0009459425020022,0.0009459425020022,0.0009459425020022,4.090654596313316,673.0000000000052,True,True,***
continent,Oceania,diff_generosity,4.3745,0.009192388155425,4.3745,2,0.0741733221745481,0.0009459425020022,0.0009459425020022,0.0009459425020022,1.9681257325114807,673.0000000000052,True,True,***
region,South Asia,diff_overall_happiness,2.4851666666666667,0.8849676641926907,2.5900000000000007,6,8.839949186330663e-14,0.000993458313615,0.000993458313615,0.000993458313615,11.953455325027166,6.8786584023495,True,True,***
region,South Asia,diff_life_evaluation,2.4851666666666667,0.8849676641926907,2.5900000000000007,6,8.839949186330663e-14,0.000993458313615,0.000993458313615,0.000993458313615,11.953455325027166,6.8786584023495,True,True,***
economic_model,Resource-Based,diff_freedom,6.407333333333334,0.3550568029672619,6.326,3,0.0001448251010136,0.0010220063885263,0.0010220063885263,0.0010220063885263,5.391569927018312,31.256482854621662,True,True,**
developed_country_type,Anglo-Saxon,diff_corruption,5.606,1.4818232013300372,5.838000000000001,5,4.8505303836050135e-31,0.0010699697674222,0.0010699697674222,0.0010699697674222,54.09947397393268,8.459441767825236,True,True,**
economic_model,Market Liberal,diff_corruption,5.606,1.4818232013300372,5.838000000000001,5,3.723217385309001e-28,0.0010699697674222,0.0010699697674222,0.0010699697674222,46.58243647273313,8.459441767825236,True,True,**
developed_country_type,Central Europe,diff_overall_happiness,0.4473333333333332,0.1674224198447354,0.4624999999999999,6,6.443601325716685e-05,0.0012471246344718,0.0012471246344718,0.0012471246344718,5.81923697706241,6.544753161620626,True,True,**
developed_country_type,Central Europe,diff_life_evaluation,0.4473333333333332,0.1674224198447354,0.4624999999999999,6,6.443601325716685e-05,0.0012471246344718,0.0012471246344718,0.0012471246344718,5.81923697706241,6.544753161620626,True,True,**
economic_model,Resource-Based,diff_gdp,5.309666666666666,0.3426285646780393,5.414,3,2.4479500500333532e-08,0.0013851228935319,0.0013851228935319,0.0013851228935319,10.173220444618682,26.841347704221334,True,True,**
economic_model,Resource-Based,diff_generosity,4.794,0.3142180771375191,4.645,3,6.18764571557918e-10,0.0014289379570685,0.0014289379570685,0.0014289379570685,12.341549157628684,26.42576024628634,True,True,**
region,Middle East,diff_overall_happiness,1.1702727272727274,0.900620129789368,1.0780000000000003,11,8.839949186330663e-14,0.0015379304219422,0.0015379304219422,0.0015379304219422,11.953455325027166,4.309647775313772,True,True,**
region,Middle East,diff_life_evaluation,1.1702727272727274,0.900620129789368,1.0780000000000003,11,8.839949186330663e-14,0.0015379304219422,0.0015379304219422,0.0015379304219422,11.953455325027166,4.309647775313772,True,True,**
region,Oceania,diff_health,6.157,0.0254558441227166,6.157,2,0.2279608140137804,0.0018611536878634,0.0018611536878634,0.0018611536878634,1.328039533259262,342.05555555555105,True,True,**
continent,Oceania,diff_health,6.157,0.0254558441227166,6.157,2,0.0798052324610182,0.0018611536878634,0.0018611536878634,0.0018611536878634,1.9316607471209333,342.05555555555105,True,True,**
economic_model,Other High Income,diff_freedom,6.602666666666667,0.5663085142687981,6.894,3,0.0001448251010136,0.0024431623784754,0.0024431623784754,0.0024431623784754,5.391569927018312,20.19421188974028,True,True,**
continent,Oceania,diff_freedom,6.7235,0.0417193000900057,6.7235,2,4.842512467999983e-07,0.002793212281279,0.002793212281279,0.002793212281279,7.573090816218942,227.91525423729087,True,True,**
region,Oceania,diff_freedom,6.7235,0.0417193000900057,6.7235,2,7.438567789048432e-07,0.002793212281279,0.002793212281279,0.002793212281279,5.834096832852206,227.91525423729087,True,True,**
region,Oceania,diff_social_support,6.825500000000001,0.0459619407771252,6.825500000000001,2,0.0007988824470723,0.003031277743595,0.003031277743595,0.003031277743595,3.4201244003077127,210.01538461538624,True,True,**
continent,Oceania,diff_social_support,6.825500000000001,0.0459619407771252,6.825500000000001,2,0.6957230887826763,0.003031277743595,0.003031277743595,0.003031277743595,0.6429011545477264,210.01538461538624,True,True,**
region,East Asia,diff_corruption,4.337,2.100289313404227,3.3585000000000003,6,1.739440024384001e-16,0.0039063636238013,0.0039063636238013,0.0039063636238013,14.742240907059404,5.058082687299772,True,True,**
developed_country_type,Developed East Asia,diff_freedom,6.346500000000001,0.0742462120245868,6.346500000000001,2,6.935947853145883e-05,0.0052661743805821,0.0052661743805821,0.0052661743805821,5.783499593497898,120.88571428571484,True,True,**
developed_east_vs_west,Developed East Asia,diff_freedom,6.346500000000001,0.0742462120245868,6.346500000000001,2,7.668469415912984e-06,0.0052661743805821,0.0052661743805821,0.0052661743805821,9.655577810871776,120.88571428571484,True,True,**
economic_model,State-Led Development,diff_freedom,6.346500000000001,0.0742462120245868,6.346500000000001,2,0.0001448251010136,0.0052661743805821,0.0052661743805821,0.0052661743805821,5.391569927018312,120.88571428571484,True,True,**
economic_model,Other High Income,diff_gdp,4.766,0.6063794191758163,4.946,3,2.4479500500333532e-08,0.0053525626960074,0.0053525626960074,0.0053525626960074,10.173220444618682,13.613513070897598,True,True,**
continent,Oceania,diff_gdp,4.62,0.0749533188057739,4.62,2,0.0007941317797574,0.0073028934877194,0.0073028934877194,0.0073028934877194,4.105128193232034,87.16981132075482,True,True,**
region,Oceania,diff_gdp,4.62,0.0749533188057739,4.62,2,0.0001310411009395,0.0073028934877194,0.0073028934877194,0.0073028934877194,4.039540325253974,87.16981132075482,True,True,**
economic_model,Resource-Based,diff_life_evaluation,0.705666666666667,0.1088132957562321,0.7210000000000001,3,4.581728980190243e-05,0.0078328066237453,0.0078328066237453,0.0078328066237453,6.001273495697767,11.232547561215055,True,True,**
economic_model,Resource-Based,diff_overall_happiness,0.705666666666667,0.1088132957562321,0.7210000000000001,3,4.581728980190243e-05,0.0078328066237453,0.0078328066237453,0.0078328066237453,6.001273495697767,11.232547561215055,True,True,**
economic_model,Social Market,diff_overall_happiness,0.3035555555555554,0.2620763777561379,0.3999999999999994,9,4.581728980190243e-05,0.0083832366509188,0.0083832366509187,0.0083832366509188,6.001273495697767,3.474814000649994,True,True,**
economic_model,Social Market,diff_life_evaluation,0.3035555555555554,0.2620763777561379,0.3999999999999994,9,4.581728980190243e-05,0.0083832366509188,0.0083832366509187,0.0083832366509188,6.001273495697767,3.474814000649994,True,True,**
economic_model,State-Led Development,diff_health,5.912000000000001,0.1315218613006981,5.912000000000001,2,0.0636752001039948,0.0100136596699728,0.0100136596699728,0.0100136596699728,2.144321500627772,63.569892473118,True,True,*
developed_east_vs_west,Developed East Asia,diff_health,5.912000000000001,0.1315218613006981,5.912000000000001,2,0.0166932758453583,0.0100136596699728,0.0100136596699728,0.0100136596699728,3.523820807998674,63.569892473118,True,True,*
developed_country_type,Developed East Asia,diff_health,5.912000000000001,0.1315218613006981,5.912000000000001,2,0.0295245318316917,0.0100136596699728,0.0100136596699728,0.0100136596699728,2.5679739675913837,63.569892473118,True,True,*
economic_model,State-Led Development,diff_social_support,6.7425000000000015,0.1661700935788385,6.7425000000000015,2,0.5218158974032169,0.0110931037871421,0.0110931037871421,0.0110931037871421,0.8423934750291836,57.38297872340419,True,True,*
developed_east_vs_west,Developed East Asia,diff_social_support,6.7425000000000015,0.1661700935788385,6.7425000000000015,2,0.6023133356258594,0.0110931037871421,0.0110931037871421,0.0110931037871421,0.6213256699081429,57.38297872340419,True,True,*
developed_country_type,Developed East Asia,diff_social_support,6.7425000000000015,0.1661700935788385,6.7425000000000015,2,0.8157089140996296,0.0110931037871421,0.0110931037871421,0.0110931037871421,0.445884080150411,57.38297872340419,True,True,*
developed_east_vs_west,Other Developed,diff_corruption,4.837,1.7440418572958614,4.678000000000001,4,6.836057129454176e-30,0.011553316760932,0.011553316760932,0.011553316760932,78.07565673563329,5.546885219257034,True,True,*
developed_country_type,Middle East Developed,diff_corruption,4.837,1.7440418572958614,4.678000000000001,4,4.8505303836050135e-31,0.011553316760932,0.011553316760932,0.011553316760932,54.09947397393268,5.546885219257034,True,True,*
developed_country_type,Developed East Asia,diff_gdp,4.547499999999999,0.1774838020778239,4.547499999999999,2,5.392716657973437e-08,0.0175647074469975,0.0175647074469975,0.0175647074469975,9.719965065068958,36.23505976095612,True,True,*
economic_model,State-Led Development,diff_gdp,4.547499999999999,0.1774838020778239,4.547499999999999,2,2.4479500500333532e-08,0.0175647074469975,0.0175647074469975,0.0175647074469975,10.173220444618682,36.23505976095612,True,True,*
developed_east_vs_west,Developed East Asia,diff_gdp,4.547499999999999,0.1774838020778239,4.547499999999999,2,1.2174317618386184e-08,0.0175647074469975,0.0175647074469975,0.0175647074469975,15.20526351470229,36.23505976095612,True,True,*
economic_model,Resource-Based,diff_corruption,5.457000000000001,1.502039613325826,5.338,3,3.723217385309001e-28,0.0243361017877051,0.0243361017877051,0.0243361017877051,46.58243647273313,6.292644463600477,True,True,*
region,Oceania,diff_life_evaluation,0.3894999999999999,0.0261629509039015,0.3894999999999999,2,8.839949186330663e-14,0.0302146888791494,0.0302146888791495,0.0302146888791494,11.953455325027166,21.054054054054603,True,True,*
continent,Oceania,diff_life_evaluation,0.3894999999999999,0.0261629509039015,0.3894999999999999,2,3.279069094545492e-11,0.0302146888791494,0.0302146888791495,0.0302146888791494,12.44803511728901,21.054054054054603,True,True,*
region,Oceania,diff_overall_happiness,0.3894999999999999,0.0261629509039015,0.3894999999999999,2,8.839949186330663e-14,0.0302146888791494,0.0302146888791495,0.0302146888791494,11.953455325027166,21.054054054054603,True,True,*
continent,Oceania,diff_overall_happiness,0.3894999999999999,0.0261629509039015,0.3894999999999999,2,3.279069094545492e-11,0.0302146888791494,0.0302146888791495,0.0302146888791494,12.44803511728901,21.054054054054603,True,True,*
continent,Oceania,diff_corruption,6.628,0.6194255403194152,6.628,2,7.185276006764986e-13,0.0420088447778628,0.0420088447778628,0.0420088447778628,14.584313560956948,15.132420091324196,True,True,*
region,Oceania,diff_corruption,6.628,0.6194255403194152,6.628,2,1.739440024384001e-16,0.0420088447778628,0.0420088447778628,0.0420088447778628,14.742240907059404,15.132420091324196,True,True,*
developed_east_vs_west,Developed East Asia,diff_overall_happiness,0.7765,0.0728319984622136,0.7765,2,7.934946487479686e-06,0.0421609428889845,0.0421609428889845,0.0421609428889845,9.621087583092976,15.077669902912788,True,True,*
economic_model,State-Led Development,diff_life_evaluation,0.7765,0.0728319984622136,0.7765,2,4.581728980190243e-05,0.0421609428889845,0.0421609428889845,0.0421609428889845,6.001273495697767,15.077669902912788,True,True,*
developed_east_vs_west,Developed East Asia,diff_life_evaluation,0.7765,0.0728319984622136,0.7765,2,7.934946487479686e-06,0.0421609428889845,0.0421609428889845,0.0421609428889845,9.621087583092976,15.077669902912788,True,True,*
economic_model,State-Led Development,diff_overall_happiness,0.7765,0.0728319984622136,0.7765,2,4.581728980190243e-05,0.0421609428889845,0.0421609428889845,0.0421609428889845,6.001273495697767,15.077669902912788,True,True,*
developed_country_type,Developed East Asia,diff_overall_happiness,0.7765,0.0728319984622136,0.7765,2,6.443601325716685e-05,0.0421609428889845,0.0421609428889845,0.0421609428889845,5.81923697706241,15.077669902912788,True,True,*
developed_country_type,Developed East Asia,diff_life_evaluation,0.7765,0.0728319984622136,0.7765,2,6.443601325716685e-05,0.0421609428889845,0.0421609428889845,0.0421609428889845,5.81923697706241,15.077669902912788,True,True,*
