country,llm_overall_happiness,llm_overall_explicit,llm_overall_calculated,llm_life_evaluation,llm_gdp,llm_social_support,llm_health,llm_freedom,llm_generosity,llm_corruption,real_life_evaluation,real_gdp,real_social_support,real_health,real_freedom,real_generosity,real_corruption,real_overall_happiness,diff_overall_happiness,abs_diff_overall_happiness,diff_life_evaluation,abs_diff_life_evaluation,diff_gdp,abs_diff_gdp,diff_social_support,abs_diff_social_support,diff_health,abs_diff_health,diff_freedom,abs_diff_freedom,diff_generosity,abs_diff_generosity,diff_corruption,abs_diff_corruption,region,income_level,global_north_south,world_123,east_west,continent,developed_country_type,developed_east_vs_west,economic_model
Afghanistan,5.26,5.26,4.4991666666666665,5.26,3.895000000000001,7.390000000000001,5.975,4.13,3.765,1.84,1.364,0.649,0.0,0.155,0.0,0.075,0.135,1.364,3.896,3.896,3.896,3.896,3.2460000000000004,3.2460000000000004,7.390000000000001,7.390000000000001,5.819999999999999,5.819999999999999,4.13,4.13,3.69,3.69,1.7049999999999998,1.7049999999999998,South Asia,Low Income,Global South,World 3,East,Asia,Non-Developed,Non-Developed,Non-High Income
Albania,6.845000000000001,6.845000000000001,5.6325,6.845000000000001,5.45,8.2,6.76,7.01,3.715,2.66,5.411,1.371,1.122,0.696,0.841,0.103,0.057,5.411,1.434000000000001,1.434000000000001,1.434000000000001,1.434000000000001,4.079000000000001,4.079000000000001,7.077999999999999,7.077999999999999,6.064,6.064,6.169,6.169,3.612,3.612,2.603,2.603,Other,Upper Middle Income,Global South,World 2,Other,Other,Non-Developed,Non-Developed,Non-High Income
Algeria,6.55,6.55,5.2683333333333335,6.55,4.985,8.025,6.495,6.1450000000000005,3.555,2.405,5.571,1.315,1.363,0.782,0.522,0.057,0.219,5.571,0.979,0.979,0.979,0.979,3.67,3.67,6.662000000000001,6.662000000000001,5.713,5.713,5.623,5.623,3.498,3.498,2.1860000000000004,2.1860000000000004,Africa,Upper Middle Income,Global South,World 2,Other,Africa,Non-Developed,Non-Developed,Non-High Income
Argentina,6.63,6.63,5.281666666666667,6.63,4.095000000000001,8.290000000000001,6.640000000000001,6.915000000000001,3.595,2.155,6.397,1.504,1.622,0.579,0.824,0.048,0.083,6.397,0.2329999999999996,0.2329999999999996,0.2329999999999996,0.2329999999999996,2.5910000000000006,2.5910000000000006,6.668000000000001,6.668000000000001,6.061000000000001,6.061000000000001,6.091000000000001,6.091000000000001,3.547,3.547,2.072,2.072,Latin America,Upper Middle Income,Global South,World 2,West,South America,Non-Developed,Non-Developed,Non-High Income
Armenia,6.855,6.855,5.806666666666667,6.855,5.470000000000001,8.32,6.625,7.040000000000001,4.08,3.305,5.494,1.391,1.349,0.828,0.786,0.032,0.158,5.494,1.3609999999999998,1.3609999999999998,1.3609999999999998,1.3609999999999998,4.079000000000001,4.079000000000001,6.971,6.971,5.797,5.797,6.254000000000001,6.254000000000001,4.048,4.048,3.147,3.147,Other,Upper Middle Income,Global South,World 2,Other,Other,Non-Developed,Non-Developed,Non-High Income
Australia,7.345000000000001,7.345000000000001,6.748333333333333,7.345000000000001,6.44,8.440000000000001,6.98,7.609999999999999,4.545,6.475,6.974,1.767,1.647,0.841,0.857,0.164,0.285,6.974,0.3710000000000004,0.3710000000000004,0.3710000000000004,0.3710000000000004,4.673,4.673,6.793000000000001,6.793000000000001,6.138999999999999,6.138999999999999,6.752999999999999,6.752999999999999,4.381,4.381,6.19,6.19,Oceania,High Income,Global North,World 1,West,Oceania,Anglo-Saxon,Developed West,Market Liberal
Austria,7.385,7.385,6.74,7.385,6.640000000000001,8.52,7.01,7.505,4.15,6.615,6.81,1.791,1.592,0.814,0.856,0.179,0.28,6.81,0.5750000000000002,0.5750000000000002,0.5750000000000002,0.5750000000000002,4.849,4.849,6.927999999999999,6.927999999999999,6.196,6.196,6.649,6.649,3.971000000000001,3.971000000000001,6.335,6.335,Western Europe,High Income,Global North,World 1,West,Europe,Central Europe,Developed West,Social Market
Azerbaijan,6.805,6.805,5.5408333333333335,6.805,5.6450000000000005,8.16,6.69,6.459999999999999,3.76,2.53,4.875,1.428,1.03,0.707,0.785,0.076,0.179,4.875,1.93,1.93,1.93,1.93,4.2170000000000005,4.2170000000000005,7.13,7.13,5.9830000000000005,5.9830000000000005,5.674999999999999,5.674999999999999,3.684,3.684,2.3510000000000004,2.3510000000000004,Other,Upper Middle Income,Global South,World 2,Other,Other,Non-Developed,Non-Developed,Non-High Income
Bahrain,7.159999999999999,7.159999999999999,6.3966666666666665,7.159999999999999,6.534999999999999,8.485,6.904999999999999,7.005,4.615,4.835,6.03,1.752,1.391,0.609,0.907,0.148,0.167,6.03,1.129999999999999,1.129999999999999,1.129999999999999,1.129999999999999,4.783,4.783,7.093999999999999,7.093999999999999,6.295999999999999,6.295999999999999,6.098,6.098,4.4670000000000005,4.4670000000000005,4.668,4.668,Middle East,Upper Middle Income,Global North,World 2,East,Asia,Non-Developed,Non-Developed,Non-High Income
Bangladesh,6.615,6.615,5.371666666666667,6.615,5.17,7.995,6.44,6.39,3.995,2.24,3.851,1.116,0.286,0.592,0.92,0.11,0.132,3.851,2.764,2.764,2.764,2.764,4.054,4.054,7.709,7.709,5.848000000000001,5.848000000000001,5.47,5.47,3.885,3.885,2.108,2.108,South Asia,Low Income,Global South,World 3,East,Asia,Non-Developed,Non-Developed,Non-High Income
Belgium,7.31,7.31,6.665000000000001,7.31,6.545,8.485,6.970000000000001,7.445,4.2,6.345000000000001,6.91,1.783,1.646,0.852,0.895,0.119,0.306,6.91,0.3999999999999994,0.3999999999999994,0.3999999999999994,0.3999999999999994,4.7620000000000005,4.7620000000000005,6.839,6.839,6.118,6.118,6.550000000000001,6.550000000000001,4.081,4.081,6.039000000000001,6.039000000000001,Western Europe,High Income,Global North,World 1,West,Europe,Central Europe,Developed West,Social Market
Belize,7.115,7.115,6.025,7.115,5.779999999999999,8.375,6.87,7.404999999999999,4.485,3.2350000000000003,6.711,1.256,1.54,0.525,1.018,0.072,0.082,6.711,0.4039999999999999,0.4039999999999999,0.4039999999999999,0.4039999999999999,4.523999999999999,4.523999999999999,6.835,6.835,6.345,6.345,6.387,6.387,4.413,4.413,3.1530000000000005,3.1530000000000005,Other,Upper Middle Income,Global South,World 2,Other,Other,Non-Developed,Non-Developed,Non-High Income
Benin,6.605,6.605,5.4975000000000005,6.605,4.955,7.945,6.505,6.76,4.205,2.615,4.357,0.855,0.228,0.357,0.679,0.092,0.238,4.357,2.2479999999999998,2.2479999999999998,2.2479999999999998,2.2479999999999998,4.1,4.1,7.717,7.717,6.148,6.148,6.081,6.081,4.113,4.113,2.377,2.377,Other,Lower Middle Income,Global South,World 2,Other,Other,Non-Developed,Non-Developed,Non-High Income
Bolivia,6.82,6.82,5.594166666666667,6.82,5.41,8.275,6.640000000000001,7.045,3.7,2.495,5.868,1.173,1.356,0.346,0.817,0.067,0.052,5.868,0.952,0.952,0.952,0.952,4.237,4.237,6.9190000000000005,6.9190000000000005,6.2940000000000005,6.2940000000000005,6.228,6.228,3.633,3.633,2.443,2.443,Latin America,Upper Middle Income,Global South,World 2,West,South America,Non-Developed,Non-Developed,Non-High Income
Bosnia and Herzegovina,6.720000000000001,6.720000000000001,5.476666666666667,6.720000000000001,5.1850000000000005,8.209999999999999,6.609999999999999,6.855,3.8,2.2,6.136,1.405,1.545,0.616,0.749,0.178,0.009,6.136,0.5840000000000005,0.5840000000000005,0.5840000000000005,0.5840000000000005,3.78,3.78,6.664999999999999,6.664999999999999,5.994,5.994,6.106,6.106,3.622,3.622,2.1910000000000003,2.1910000000000003,Other,Upper Middle Income,Global South,World 2,Other,Other,Non-Developed,Non-Developed,Non-High Income
Botswana,6.94,6.94,6.1475,6.94,5.835,8.24,6.734999999999999,7.290000000000001,4.265,4.5200000000000005,3.438,1.388,1.146,0.094,0.697,0.018,0.083,3.438,3.502,3.502,3.502,3.502,4.447,4.447,7.094,7.094,6.640999999999999,6.640999999999999,6.593000000000001,6.593000000000001,4.247,4.247,4.437,4.437,Other,Upper Middle Income,Global South,World 2,Other,Other,Non-Developed,Non-Developed,Non-High Income
Brazil,6.975,6.975,5.760833333333333,6.975,5.715,8.365,6.69,7.234999999999999,3.93,2.63,6.494,1.391,1.519,0.48,0.83,0.089,0.127,6.494,0.4809999999999998,0.4809999999999998,0.4809999999999998,0.4809999999999998,4.324,4.324,6.846,6.846,6.210000000000001,6.210000000000001,6.404999999999999,6.404999999999999,3.841,3.841,2.503,2.503,Latin America,Upper Middle Income,Global South,World 2,West,South America,Non-Developed,Non-Developed,Non-High Income
Bulgaria,6.7700000000000005,6.7700000000000005,5.610833333333334,6.7700000000000005,5.585,8.190000000000001,6.67,7.095000000000001,3.51,2.615,5.554,1.573,1.725,0.463,0.708,0.055,0.0,5.554,1.2160000000000002,1.2160000000000002,1.2160000000000002,1.2160000000000002,4.0120000000000005,4.0120000000000005,6.465000000000002,6.465000000000002,6.207,6.207,6.3870000000000005,6.3870000000000005,3.455,3.455,2.615,2.615,Eastern Europe,Upper Middle Income,Global South,World 2,East,Europe,Non-Developed,Non-Developed,Non-High Income
Burkina Faso,6.15,6.15,5.143333333333333,6.15,4.38,7.83,6.26,6.15,4.0,2.24,4.383,0.724,0.828,0.296,0.671,0.142,0.218,4.383,1.7670000000000003,1.7670000000000003,1.7670000000000003,1.7670000000000003,3.656,3.656,7.002,7.002,5.964,5.964,5.479,5.479,3.858,3.858,2.022,2.022,Other,Lower Middle Income,Global South,World 2,Other,Other,Non-Developed,Non-Developed,Non-High Income
Cambodia,6.779999999999999,6.779999999999999,5.585833333333333,6.779999999999999,5.575,8.055,6.56,6.8,3.99,2.535,4.341,1.049,1.215,0.481,0.988,0.138,0.078,4.341,2.438999999999999,2.438999999999999,2.438999999999999,2.438999999999999,4.526,4.526,6.84,6.84,6.079,6.079,5.811999999999999,5.811999999999999,3.852,3.852,2.4570000000000003,2.4570000000000003,Other,Upper Middle Income,Global South,World 2,Other,Other,Non-Developed,Non-Developed,Non-High Income
Cameroon,6.459999999999999,6.459999999999999,5.2725,6.459999999999999,4.7700000000000005,7.87,6.475,6.409999999999999,4.04,2.07,4.887,0.944,0.986,0.302,0.662,0.099,0.06,4.887,1.5729999999999995,1.5729999999999995,1.5729999999999995,1.5729999999999995,3.826000000000001,3.826000000000001,6.884,6.884,6.173,6.173,5.747999999999999,5.747999999999999,3.941,3.941,2.01,2.01,Other,Upper Middle Income,Global South,World 2,Other,Other,Non-Developed,Non-Developed,Non-High Income
Canada,7.32,7.32,6.659166666666667,7.32,6.265,8.54,6.965000000000001,7.62,4.42,6.1450000000000005,6.803,1.749,1.647,0.832,0.813,0.168,0.323,6.803,0.5170000000000003,0.5170000000000003,0.5170000000000003,0.5170000000000003,4.516,4.516,6.892999999999999,6.892999999999999,6.133000000000001,6.133000000000001,6.807,6.807,4.252,4.252,5.822,5.822,North America,High Income,Global North,World 1,West,North America,Anglo-Saxon,Developed West,Market Liberal
Chad,6.1,6.1,5.04,6.1,4.275,7.69,6.154999999999999,6.15,3.925,2.045,4.384,0.592,0.902,0.242,0.477,0.175,0.111,4.384,1.7159999999999993,1.7159999999999993,1.7159999999999993,1.7159999999999993,3.683,3.683,6.788,6.788,5.912999999999999,5.912999999999999,5.673,5.673,3.75,3.75,1.934,1.934,Other,Lower Middle Income,Global South,World 2,Other,Other,Non-Developed,Non-Developed,Non-High Income
Chile,7.06,7.06,5.975833333333333,7.06,5.99,8.325,6.795,7.295,3.74,3.71,6.361,1.537,1.577,0.711,0.779,0.093,0.085,6.361,0.6989999999999998,0.6989999999999998,0.6989999999999998,0.6989999999999998,4.453,4.453,6.747999999999999,6.747999999999999,6.084,6.084,6.516,6.516,3.647,3.647,3.625,3.625,Latin America,Upper Middle Income,Global South,World 2,West,South America,Non-Developed,Non-Developed,Non-High Income
China,6.885,6.885,5.745,6.885,6.105,8.014999999999999,6.715000000000001,6.49,3.365,3.78,5.921,1.445,1.307,0.789,0.764,0.079,0.154,5.921,0.9639999999999996,0.9639999999999996,0.9639999999999996,0.9639999999999996,4.659999999999999,4.659999999999999,6.707999999999998,6.707999999999998,5.926000000000001,5.926000000000001,5.726,5.726,3.286,3.286,3.626,3.626,East Asia,Upper Middle Income,Global South,World 2,East,Asia,Non-Developed,Non-Developed,Non-High Income
Colombia,6.98,6.98,5.718333333333333,6.98,5.615,8.35,6.775,7.13,3.82,2.62,6.004,1.38,1.513,0.587,0.777,0.039,0.051,6.004,0.976,0.976,0.976,0.976,4.235,4.235,6.837,6.837,6.188000000000001,6.188000000000001,6.353,6.353,3.781,3.781,2.569,2.569,Latin America,Lower Middle Income,Global South,World 2,West,South America,Non-Developed,Non-Developed,Non-High Income
Comoros,6.495,6.495,5.305833333333333,6.495,4.55,7.975,6.465000000000001,6.540000000000001,3.770000000000001,2.535,3.754,0.835,0.501,0.428,0.26,0.117,0.164,3.754,2.741,2.741,2.741,2.741,3.715,3.715,7.473999999999999,7.473999999999999,6.037000000000001,6.037000000000001,6.280000000000001,6.280000000000001,3.653000000000001,3.653000000000001,2.371,2.371,Other,Lower Middle Income,Global South,World 2,Other,Other,Non-Developed,Non-Developed,Non-High Income
Congo,6.19,6.19,5.085833333333333,6.19,4.315,7.784999999999999,6.265,6.37,3.955,1.825,5.03,1.023,0.796,0.336,0.626,0.082,0.126,5.03,1.1599999999999993,1.1599999999999993,1.1599999999999993,1.1599999999999993,3.292,3.292,6.988999999999999,6.988999999999999,5.928999999999999,5.928999999999999,5.744,5.744,3.873,3.873,1.6989999999999998,1.6989999999999998,Other,Upper Middle Income,Global South,World 2,Other,Other,Non-Developed,Non-Developed,Non-High Income
Costa Rica,7.284999999999999,7.284999999999999,6.273333333333333,7.284999999999999,6.035,8.540000000000001,6.98,7.49,4.115,4.48,7.274,1.492,1.6,0.68,0.948,0.067,0.118,7.274,0.0109999999999992,0.0109999999999992,0.0109999999999992,0.0109999999999992,4.543,4.543,6.940000000000001,6.940000000000001,6.3,6.3,6.542,6.542,4.048,4.048,4.361999999999999,4.361999999999999,North America,Upper Middle Income,Global South,World 2,West,North America,Non-Developed,Non-Developed,Non-High Income
Croatia,7.029999999999999,7.029999999999999,5.88,7.029999999999999,5.87,8.389999999999999,6.865,7.290000000000001,3.67,3.195,5.87,1.644,1.673,0.669,0.478,0.022,0.065,5.87,1.1599999999999993,1.1599999999999993,1.1599999999999993,1.1599999999999993,4.226,4.226,6.716999999999999,6.716999999999999,6.196,6.196,6.812000000000001,6.812000000000001,3.648000000000001,3.648000000000001,3.13,3.13,Eastern Europe,Upper Middle Income,Global South,World 2,East,Europe,Non-Developed,Non-Developed,Non-High Income
Cyprus,7.109999999999999,7.109999999999999,6.115,7.109999999999999,6.12,8.47,6.875,7.325,4.05,3.85,5.942,1.72,1.348,0.84,0.612,0.108,0.041,5.942,1.1679999999999993,1.1679999999999993,1.1679999999999993,1.1679999999999993,4.4,4.4,7.122000000000001,7.122000000000001,6.035,6.035,6.713,6.713,3.942,3.942,3.809,3.809,Western Europe,Upper Middle Income,Global North,World 2,West,Europe,Non-Developed,Non-Developed,Non-High Income
Czechia,7.125,7.125,6.2375,7.125,6.245,8.36,6.88,7.529999999999999,3.785,4.625,6.775,1.692,1.716,0.658,0.916,0.118,0.084,6.775,0.3499999999999996,0.3499999999999996,0.3499999999999996,0.3499999999999996,4.553,4.553,6.643999999999999,6.643999999999999,6.222,6.222,6.613999999999999,6.613999999999999,3.667,3.667,4.541,4.541,Eastern Europe,Upper Middle Income,Global North,World 2,East,Europe,Non-Developed,Non-Developed,Non-High Income
Côte d’Ivoire,6.840000000000001,6.840000000000001,5.69,6.840000000000001,5.54,8.11,6.6,6.970000000000001,4.035,2.885,5.102,1.038,0.76,0.206,0.661,0.1,0.162,5.102,1.7380000000000004,1.7380000000000004,1.7380000000000004,1.7380000000000004,4.502,4.502,7.35,7.35,6.393999999999999,6.393999999999999,6.309000000000001,6.309000000000001,3.935,3.935,2.7230000000000003,2.7230000000000003,Other,Upper Middle Income,Global South,World 2,Other,Other,Non-Developed,Non-Developed,Non-High Income
DR Congo,6.005,6.005,4.944166666666667,6.005,4.07,7.69,6.2,6.225,3.94,1.54,3.469,0.544,0.929,0.278,0.6,0.151,0.061,3.469,2.536,2.536,2.536,2.536,3.526,3.526,6.761,6.761,5.922000000000001,5.922000000000001,5.625,5.625,3.789,3.789,1.479,1.479,Other,Lower Middle Income,Global South,World 2,Other,Other,Non-Developed,Non-Developed,Non-High Income
Denmark,7.645,7.645,7.361666666666667,7.645,6.970000000000001,8.695,7.234999999999999,7.955,4.665,8.65,7.521,1.825,1.748,0.82,0.955,0.15,0.488,7.521,0.1240000000000005,0.1240000000000005,0.1240000000000005,0.1240000000000005,5.1450000000000005,5.1450000000000005,6.947,6.947,6.414999999999999,6.414999999999999,7.0,7.0,4.515,4.515,8.162,8.162,Western Europe,High Income,Global North,World 1,West,Europe,Nordic,Developed West,Social Market
Dominican Republic,7.034999999999999,7.034999999999999,5.838333333333333,7.034999999999999,5.76,8.35,6.87,7.279999999999999,3.905,2.865,5.846,1.457,1.5,0.615,0.866,0.063,0.186,5.846,1.1889999999999992,1.1889999999999992,1.1889999999999992,1.1889999999999992,4.303,4.303,6.85,6.85,6.255,6.255,6.414,6.414,3.842,3.842,2.679,2.679,Other,Upper Middle Income,Global South,World 2,Other,Other,Non-Developed,Non-Developed,Non-High Income
Ecuador,6.85,6.85,5.616666666666666,6.85,5.415,8.26,6.695,6.95,3.835,2.545,5.965,1.299,1.32,0.702,0.712,0.058,0.066,5.965,0.8849999999999998,0.8849999999999998,0.8849999999999998,0.8849999999999998,4.116,4.116,6.94,6.94,5.993,5.993,6.238,6.238,3.777,3.777,2.479,2.479,Latin America,Upper Middle Income,Global South,World 2,West,South America,Non-Developed,Non-Developed,Non-High Income
Egypt,6.24,6.24,4.9875,6.24,4.035,7.979999999999999,6.345000000000001,5.755,3.735,2.075,3.817,1.347,1.075,0.473,0.593,0.018,0.103,3.817,2.423,2.423,2.423,2.423,2.688,2.688,6.904999999999999,6.904999999999999,5.872000000000001,5.872000000000001,5.162,5.162,3.717000000000001,3.717000000000001,1.972,1.972,Africa,Lower Middle Income,Global South,World 2,Other,Africa,Non-Developed,Non-Developed,Non-High Income
El Salvador,6.970000000000001,6.970000000000001,5.846666666666667,6.970000000000001,5.715,8.285,6.734999999999999,7.084999999999999,3.825,3.435,6.492,1.222,1.228,0.559,0.955,0.054,0.264,6.492,0.4780000000000006,0.4780000000000006,0.4780000000000006,0.4780000000000006,4.493,4.493,7.057,7.057,6.175999999999999,6.175999999999999,6.129999999999999,6.129999999999999,3.771,3.771,3.1710000000000003,3.1710000000000003,North America,Upper Middle Income,Global South,World 2,West,North America,Non-Developed,Non-Developed,Non-High Income
Estonia,7.159999999999999,7.159999999999999,6.755,7.159999999999999,6.275,8.370000000000001,6.890000000000001,7.67,3.885,7.44,6.417,1.65,1.716,0.642,0.902,0.128,0.378,6.417,0.7429999999999994,0.7429999999999994,0.7429999999999994,0.7429999999999994,4.625,4.625,6.654000000000001,6.654000000000001,6.248,6.248,6.768,6.768,3.757,3.757,7.062,7.062,Eastern Europe,Upper Middle Income,Global North,World 2,East,Europe,Non-Developed,Non-Developed,Non-High Income
Eswatini,6.635,6.635,5.600833333333333,6.635,5.2,8.084999999999999,6.43,6.825,4.205,2.8600000000000003,3.774,1.183,1.152,0.038,0.428,0.054,0.13,3.774,2.861,2.861,2.861,2.861,4.017,4.017,6.932999999999999,6.932999999999999,6.392,6.392,6.397,6.397,4.151,4.151,2.7300000000000004,2.7300000000000004,Other,Upper Middle Income,Global South,World 2,Other,Other,Non-Developed,Non-Developed,Non-High Income
Ethiopia,6.29,6.29,5.11,6.29,4.42,7.790000000000001,6.3,6.105,3.785,2.26,3.898,0.757,1.051,0.416,0.54,0.182,0.1,3.898,2.392,2.392,2.392,2.392,3.663,3.663,6.739000000000001,6.739000000000001,5.884,5.884,5.565,5.565,3.603,3.603,2.16,2.16,Africa,Low Income,Global South,World 3,Other,Africa,Non-Developed,Non-Developed,Non-High Income
Finland,7.564999999999999,7.564999999999999,7.208333333333333,7.564999999999999,6.65,8.665000000000001,7.135,7.82,4.25,8.73,7.736,1.749,1.783,0.824,0.986,0.11,0.502,7.736,-0.1710000000000002,0.1710000000000002,-0.1710000000000002,0.1710000000000002,4.901,4.901,6.8820000000000014,6.8820000000000014,6.311,6.311,6.8340000000000005,6.8340000000000005,4.14,4.14,8.228,8.228,Western Europe,High Income,Global North,World 1,West,Europe,Nordic,Developed West,Social Market
France,7.095000000000001,7.095000000000001,6.171666666666667,7.095000000000001,6.135,8.370000000000001,6.834999999999999,7.17,3.955,4.565,6.593,1.733,1.535,0.832,0.743,0.099,0.264,6.593,0.5020000000000007,0.5020000000000007,0.5020000000000007,0.5020000000000007,4.401999999999999,4.401999999999999,6.835000000000001,6.835000000000001,6.002999999999999,6.002999999999999,6.427,6.427,3.856,3.856,4.300999999999999,4.300999999999999,Western Europe,Upper Middle Income,Global North,World 2,West,Europe,Non-Developed,Non-Developed,Non-High Income
Gabon,6.67,6.67,5.4925,6.67,5.39,8.03,6.575,6.715000000000001,3.815,2.43,5.12,1.386,1.224,0.387,0.651,0.042,0.086,5.12,1.5499999999999998,1.5499999999999998,1.5499999999999998,1.5499999999999998,4.004,4.004,6.805999999999999,6.805999999999999,6.188000000000001,6.188000000000001,6.064000000000001,6.064000000000001,3.773,3.773,2.3440000000000003,2.3440000000000003,Other,Upper Middle Income,Global South,World 2,Other,Other,Non-Developed,Non-Developed,Non-High Income
Gambia,6.635,6.635,5.632499999999999,6.635,4.9,8.1,6.625,6.975,4.37,2.825,4.423,0.778,0.958,0.348,0.611,0.255,0.045,4.423,2.212,2.212,2.212,2.212,4.122,4.122,7.142,7.142,6.277,6.277,6.364,6.364,4.115,4.115,2.78,2.78,Other,Lower Middle Income,Global South,World 2,Other,Other,Non-Developed,Non-Developed,Non-High Income
Georgia,6.88,6.88,5.739166666666667,6.88,5.545,8.245000000000001,6.6,6.965000000000001,3.655,3.425,5.4,1.444,1.275,0.482,0.844,0.0,0.172,5.4,1.4799999999999995,1.4799999999999995,1.4799999999999995,1.4799999999999995,4.101,4.101,6.970000000000001,6.970000000000001,6.117999999999999,6.117999999999999,6.121,6.121,3.655,3.655,3.253,3.253,Other,Upper Middle Income,Global South,World 2,Other,Other,Non-Developed,Non-Developed,Non-High Income
Germany,7.245,7.245,6.672499999999999,7.245,6.45,8.415,6.959999999999999,7.475,3.995,6.74,6.753,1.785,1.625,0.776,0.858,0.148,0.351,6.753,0.492,0.492,0.492,0.492,4.665,4.665,6.789999999999999,6.789999999999999,6.183999999999999,6.183999999999999,6.617,6.617,3.847,3.847,6.389,6.389,Western Europe,High Income,Global North,World 1,West,Europe,Central Europe,Developed West,Social Market
Ghana,6.659999999999999,6.659999999999999,5.5600000000000005,6.659999999999999,4.805,8.065000000000001,6.615,6.955,4.4350000000000005,2.4850000000000003,4.34,1.053,1.01,0.438,0.771,0.139,0.025,4.34,2.3199999999999994,2.3199999999999994,2.3199999999999994,2.3199999999999994,3.752,3.752,7.0550000000000015,7.0550000000000015,6.1770000000000005,6.1770000000000005,6.184,6.184,4.296,4.296,2.4600000000000004,2.4600000000000004,Africa,Upper Middle Income,Global South,World 2,Other,Africa,Non-Developed,Non-Developed,Non-High Income
Greece,6.9,6.9,5.715,6.9,5.44,8.36,6.709999999999999,7.08,3.755,2.945,5.776,1.608,1.438,0.725,0.396,0.003,0.063,5.776,1.1240000000000006,1.1240000000000006,1.1240000000000006,1.1240000000000006,3.832,3.832,6.922,6.922,5.984999999999999,5.984999999999999,6.684,6.684,3.752,3.752,2.882,2.882,Western Europe,Upper Middle Income,Global North,World 2,West,Europe,Non-Developed,Non-Developed,Non-High Income
Guatemala,6.805,6.805,5.55,6.805,5.42,8.165000000000001,6.675,6.875,4.0,2.165,6.362,1.249,1.33,0.376,0.882,0.075,0.085,6.362,0.4429999999999996,0.4429999999999996,0.4429999999999996,0.4429999999999996,4.170999999999999,4.170999999999999,6.835000000000001,6.835000000000001,6.299,6.299,5.993,5.993,3.925,3.925,2.08,2.08,North America,Upper Middle Income,Global South,World 2,West,North America,Non-Developed,Non-Developed,Non-High Income
Guinea,6.345000000000001,6.345000000000001,5.1225000000000005,6.345000000000001,4.535,7.840000000000001,6.305,6.265,3.715,2.075,4.929,0.873,0.791,0.306,0.676,0.157,0.098,4.929,1.4160000000000004,1.4160000000000004,1.4160000000000004,1.4160000000000004,3.662,3.662,7.049,7.049,5.999,5.999,5.589,5.589,3.558,3.558,1.977,1.977,Other,Lower Middle Income,Global South,World 2,Other,Other,Non-Developed,Non-Developed,Non-High Income
Honduras,6.595000000000001,6.595000000000001,5.3950000000000005,6.595000000000001,5.0600000000000005,8.14,6.62,6.745,3.78,2.025,5.964,1.036,1.187,0.436,0.862,0.134,0.079,5.964,0.6310000000000002,0.6310000000000002,0.6310000000000002,0.6310000000000002,4.024000000000001,4.024000000000001,6.953,6.953,6.184,6.184,5.883,5.883,3.646,3.646,1.946,1.946,North America,Upper Middle Income,Global South,World 2,West,North America,Non-Developed,Non-Developed,Non-High Income
Hong Kong SAR of China,6.965000000000001,6.965000000000001,6.014166666666666,6.965000000000001,6.12,8.135,6.715000000000001,6.39,4.029999999999999,4.695,5.491,1.79,1.41,0.948,0.674,0.116,0.386,5.491,1.474000000000001,1.474000000000001,1.474000000000001,1.474000000000001,4.33,4.33,6.725,6.725,5.767000000000001,5.767000000000001,5.715999999999999,5.715999999999999,3.9139999999999993,3.9139999999999993,4.309,4.309,Other,Upper Middle Income,Global South,World 2,Other,Other,Non-Developed,Non-Developed,Non-High Income
Hungary,6.790000000000001,6.790000000000001,5.529166666666667,6.790000000000001,5.3,8.205,6.605,6.82,3.56,2.685,5.915,1.638,1.742,0.587,0.681,0.099,0.057,5.915,0.8750000000000009,0.8750000000000009,0.8750000000000009,0.8750000000000009,3.662,3.662,6.463,6.463,6.018,6.018,6.139,6.139,3.461,3.461,2.628,2.628,Eastern Europe,Upper Middle Income,Global South,World 2,East,Europe,Non-Developed,Non-Developed,Non-High Income
Iceland,7.695,7.695,7.27,7.695,6.745,8.805,7.265000000000001,7.935,4.46,8.41,7.515,1.799,1.84,0.873,0.971,0.201,0.173,7.515,0.1800000000000006,0.1800000000000006,0.1800000000000006,0.1800000000000006,4.946,4.946,6.965,6.965,6.392,6.392,6.964,6.964,4.259,4.259,8.237,8.237,Western Europe,High Income,Global North,World 1,West,Europe,Nordic,Developed West,Other High Income
India,6.92,6.92,5.746666666666667,6.92,5.88,8.145,6.56,6.970000000000001,4.07,2.855,4.389,1.149,0.86,0.316,0.914,0.141,0.12,4.389,2.531,2.531,2.531,2.531,4.731,4.731,7.284999999999999,7.284999999999999,6.244,6.244,6.056000000000001,6.056000000000001,3.929,3.929,2.735,2.735,South Asia,Lower Middle Income,Global South,World 2,East,Asia,Non-Developed,Non-Developed,Non-High Income
Indonesia,6.984999999999999,6.984999999999999,5.888333333333334,6.984999999999999,6.005,8.24,6.725,7.1450000000000005,4.12,3.095,5.617,1.288,1.372,0.454,0.918,0.323,0.044,5.617,1.3679999999999994,1.3679999999999994,1.3679999999999994,1.3679999999999994,4.717,4.717,6.868,6.868,6.271,6.271,6.227,6.227,3.797,3.797,3.051,3.051,Other,Lower Middle Income,Global South,World 2,Other,Other,Non-Developed,Non-Developed,Non-High Income
Iran,6.085,6.085,4.62,6.085,3.75,7.88,6.335,4.415,3.62,1.72,5.093,1.33,1.367,0.609,0.456,0.202,0.122,5.093,0.992,0.992,0.992,0.992,2.42,2.42,6.513,6.513,5.726,5.726,3.959,3.959,3.418,3.418,1.598,1.598,Middle East,Upper Middle Income,Global South,World 2,East,Asia,Non-Developed,Non-Developed,Non-High Income
Iraq,6.365,6.365,5.2,6.365,4.925,7.915000000000001,6.29,6.2,3.875,1.995,4.976,1.261,1.275,0.589,0.503,0.1,0.069,4.976,1.3890000000000002,1.3890000000000002,1.3890000000000002,1.3890000000000002,3.664,3.664,6.640000000000001,6.640000000000001,5.7010000000000005,5.7010000000000005,5.697,5.697,3.775,3.775,1.926,1.926,Middle East,Upper Middle Income,Global South,World 2,East,Asia,Non-Developed,Non-Developed,Non-High Income
Ireland,7.32,7.32,6.666666666666667,7.32,6.35,8.59,6.935,7.465000000000001,4.44,6.220000000000001,6.889,1.988,1.659,0.823,0.906,0.179,0.382,6.889,0.431,0.431,0.431,0.431,4.362,4.362,6.931,6.931,6.112,6.112,6.559000000000001,6.559000000000001,4.260999999999999,4.260999999999999,5.838000000000001,5.838000000000001,Western Europe,High Income,Global North,World 1,West,Europe,Anglo-Saxon,Developed West,Market Liberal
Israel,6.63,6.63,5.846666666666667,6.63,5.785,8.28,6.635,6.69,4.5200000000000005,3.17,7.234,1.695,1.743,0.824,0.74,0.144,0.193,7.234,-0.6040000000000001,0.6040000000000001,-0.6040000000000001,0.6040000000000001,4.09,4.09,6.536999999999999,6.536999999999999,5.811,5.811,5.95,5.95,4.376,4.376,2.977,2.977,Middle East,High Income,Global North,World 1,East,Asia,Middle East Developed,Other Developed,Other High Income
Italy,7.07,7.07,5.89,7.07,5.95,8.365,6.855,7.08,3.85,3.24,6.415,1.724,1.526,0.852,0.641,0.082,0.071,6.415,0.6550000000000002,0.6550000000000002,0.6550000000000002,0.6550000000000002,4.226,4.226,6.839,6.839,6.002999999999999,6.002999999999999,6.439,6.439,3.768,3.768,3.169,3.169,Western Europe,Upper Middle Income,Global North,World 2,West,Europe,Non-Developed,Non-Developed,Non-High Income
Jamaica,6.8950000000000005,6.8950000000000005,5.780833333333333,6.8950000000000005,5.455,8.275,6.715000000000001,7.195,4.315,2.73,5.87,1.182,1.545,0.504,0.869,0.075,0.019,5.87,1.0250000000000004,1.0250000000000004,1.0250000000000004,1.0250000000000004,4.273,4.273,6.73,6.73,6.211,6.211,6.3260000000000005,6.3260000000000005,4.239999999999999,4.239999999999999,2.711,2.711,Other,Upper Middle Income,Global South,World 2,Other,Other,Non-Developed,Non-Developed,Non-High Income
Japan,6.975,6.975,6.325,6.975,6.1,8.175,6.74,7.040000000000001,3.505,6.39,6.147,1.678,1.55,0.921,0.746,0.014,0.2,6.147,0.8279999999999994,0.8279999999999994,0.8279999999999994,0.8279999999999994,4.422,4.422,6.625000000000001,6.625000000000001,5.819,5.819,6.2940000000000005,6.2940000000000005,3.491,3.491,6.19,6.19,East Asia,High Income,Global North,World 1,East,Asia,Developed East Asia,Developed East Asia,State-Led Development
Jordan,6.63,6.63,5.513333333333334,6.63,4.96,8.190000000000001,6.495,6.435,4.17,2.83,4.31,1.158,1.202,0.573,0.7,0.051,0.164,4.31,2.3200000000000003,2.3200000000000003,2.3200000000000003,2.3200000000000003,3.802,3.802,6.988000000000001,6.988000000000001,5.922000000000001,5.922000000000001,5.734999999999999,5.734999999999999,4.119,4.119,2.666,2.666,Middle East,Upper Middle Income,Global South,World 2,East,Asia,Non-Developed,Non-Developed,Non-High Income
Kazakhstan,6.82,6.82,5.678333333333333,6.82,5.805,8.195,6.715000000000001,6.815,3.71,2.83,6.378,1.586,1.688,0.504,0.878,0.111,0.118,6.378,0.4420000000000001,0.4420000000000001,0.4420000000000001,0.4420000000000001,4.218999999999999,4.218999999999999,6.507000000000001,6.507000000000001,6.211,6.211,5.937,5.937,3.599,3.599,2.712,2.712,Other,Upper Middle Income,Global South,World 2,Other,Other,Non-Developed,Non-Developed,Non-High Income
Kenya,6.67,6.67,5.5633333333333335,6.67,5.125,8.084999999999999,6.640000000000001,6.909999999999999,4.345000000000001,2.275,4.51,0.994,1.047,0.448,0.649,0.22,0.073,4.51,2.16,2.16,2.16,2.16,4.131,4.131,7.037999999999999,7.037999999999999,6.192,6.192,6.260999999999999,6.260999999999999,4.125000000000001,4.125000000000001,2.202,2.202,Africa,Upper Middle Income,Global South,World 2,Other,Africa,Non-Developed,Non-Developed,Non-High Income
Kosovo,6.8950000000000005,6.8950000000000005,5.715833333333333,6.8950000000000005,5.535,8.32,6.73,7.075,3.86,2.775,6.659,1.281,1.454,0.896,0.893,0.201,0.087,6.659,0.2360000000000006,0.2360000000000006,0.2360000000000006,0.2360000000000006,4.254,4.254,6.8660000000000005,6.8660000000000005,5.834,5.834,6.182,6.182,3.659,3.659,2.688,2.688,Other,Upper Middle Income,Global South,World 2,Other,Other,Non-Developed,Non-Developed,Non-High Income
Kuwait,7.35,7.35,6.468333333333334,7.35,7.105,8.625,6.909999999999999,7.26,4.725,4.1850000000000005,6.629,1.691,1.481,0.766,0.934,0.143,0.167,6.629,0.7210000000000001,0.7210000000000001,0.7210000000000001,0.7210000000000001,5.414,5.414,7.144,7.144,6.143999999999999,6.143999999999999,6.326,6.326,4.582,4.582,4.018000000000001,4.018000000000001,Middle East,High Income,Global North,World 1,East,Asia,Middle East Developed,Other Developed,Resource-Based
Kyrgyzstan,6.720000000000001,6.720000000000001,5.470833333333333,6.720000000000001,5.265,8.22,6.575,6.82,3.5700000000000003,2.375,5.858,1.032,1.715,0.647,0.981,0.169,0.053,5.858,0.862000000000001,0.862000000000001,0.862000000000001,0.862000000000001,4.233,4.233,6.505000000000001,6.505000000000001,5.928,5.928,5.839,5.839,3.401,3.401,2.322,2.322,Other,Upper Middle Income,Global South,World 2,Other,Other,Non-Developed,Non-Developed,Non-High Income
Lao PDR,6.745,6.745,5.511666666666667,6.745,5.33,8.045,6.57,6.6450000000000005,3.76,2.72,5.301,1.122,1.01,0.493,0.916,0.145,0.164,5.301,1.444,1.444,1.444,1.444,4.208,4.208,7.035,7.035,6.077,6.077,5.729,5.729,3.615,3.615,2.556,2.556,Other,Upper Middle Income,Global South,World 2,Other,Other,Non-Developed,Non-Developed,Non-High Income
Latvia,6.98,6.98,6.1866666666666665,6.98,5.93,8.315000000000001,6.725,7.404999999999999,3.845,4.9,6.207,1.619,1.711,0.503,0.789,0.108,0.082,6.207,0.7729999999999997,0.7729999999999997,0.7729999999999997,0.7729999999999997,4.311,4.311,6.604000000000001,6.604000000000001,6.222,6.222,6.616,6.616,3.737,3.737,4.8180000000000005,4.8180000000000005,Eastern Europe,Upper Middle Income,Global North,World 2,East,Europe,Non-Developed,Non-Developed,Non-High Income
Lebanon,5.985,5.985,4.7225,5.985,3.24,7.92,6.335,6.085,3.6,1.155,3.188,1.223,0.984,0.44,0.279,0.071,0.041,3.188,2.797,2.797,2.797,2.797,2.0169999999999995,2.0169999999999995,6.936,6.936,5.895,5.895,5.806,5.806,3.529,3.529,1.114,1.114,Middle East,Upper Middle Income,Global South,World 2,East,Asia,Non-Developed,Non-Developed,Non-High Income
Lesotho,6.57,6.57,5.4591666666666665,6.57,4.865,8.02,6.335,6.92,3.99,2.625,3.757,0.737,1.131,0.0,0.606,0.065,0.072,3.757,2.813,2.813,2.813,2.813,4.128,4.128,6.888999999999999,6.888999999999999,6.335,6.335,6.314,6.314,3.925,3.925,2.553,2.553,Other,Lower Middle Income,Global South,World 2,Other,Other,Non-Developed,Non-Developed,Non-High Income
Liberia,6.245,6.245,5.24,6.245,4.32,7.845000000000001,6.26,6.665000000000001,4.295,2.055,4.277,0.582,0.888,0.324,0.653,0.143,0.068,4.277,1.968,1.968,1.968,1.968,3.738,3.738,6.957000000000001,6.957000000000001,5.936,5.936,6.0120000000000005,6.0120000000000005,4.152,4.152,1.987,1.987,Other,Lower Middle Income,Global South,World 2,Other,Other,Non-Developed,Non-Developed,Non-High Income
Libya,6.18,6.18,5.006666666666666,6.18,4.41,7.85,6.295,5.885,3.71,1.89,5.82,1.247,1.309,0.549,0.724,0.111,0.214,5.82,0.3599999999999994,0.3599999999999994,0.3599999999999994,0.3599999999999994,3.1630000000000003,3.1630000000000003,6.541,6.541,5.746,5.746,5.161,5.161,3.599,3.599,1.676,1.676,Africa,Upper Middle Income,Global South,World 2,Other,Africa,Non-Developed,Non-Developed,Non-High Income
Lithuania,7.034999999999999,7.034999999999999,6.2941666666666665,7.034999999999999,6.13,8.33,6.834999999999999,7.45,3.74,5.279999999999999,6.829,1.684,1.699,0.592,0.702,0.031,0.123,6.829,0.2059999999999995,0.2059999999999995,0.2059999999999995,0.2059999999999995,4.446,4.446,6.631,6.631,6.242999999999999,6.242999999999999,6.748,6.748,3.709,3.709,5.156999999999999,5.156999999999999,Eastern Europe,Upper Middle Income,Global North,World 2,East,Europe,Non-Developed,Non-Developed,Non-High Income
Luxembourg,7.555,7.555,7.215833333333333,7.555,7.290000000000001,8.59,7.125,7.825,4.48,7.984999999999999,7.122,2.028,1.558,0.864,0.931,0.117,0.397,7.122,0.4329999999999998,0.4329999999999998,0.4329999999999998,0.4329999999999998,5.2620000000000005,5.2620000000000005,7.032,7.032,6.261,6.261,6.894,6.894,4.363,4.363,7.587999999999999,7.587999999999999,Western Europe,High Income,Global North,World 1,West,Europe,Central Europe,Developed West,Other High Income
Madagascar,6.409999999999999,6.409999999999999,5.21,6.409999999999999,4.43,7.909999999999999,6.385,6.675,3.67,2.19,4.157,0.588,0.938,0.341,0.292,0.131,0.118,4.157,2.2529999999999992,2.2529999999999992,2.2529999999999992,2.2529999999999992,3.842,3.842,6.972,6.972,6.044,6.044,6.383,6.383,3.5390000000000006,3.5390000000000006,2.072,2.072,Other,Lower Middle Income,Global South,World 2,Other,Other,Non-Developed,Non-Developed,Non-High Income
Malawi,6.29,6.29,5.29,6.29,4.285,7.895,6.404999999999999,6.659999999999999,4.21,2.285,3.26,0.588,0.489,0.28,0.677,0.115,0.136,3.26,3.03,3.03,3.03,3.03,3.697,3.697,7.406000000000001,7.406000000000001,6.124999999999999,6.124999999999999,5.982999999999999,5.982999999999999,4.095,4.095,2.149,2.149,Other,Lower Middle Income,Global South,World 2,Other,Other,Non-Developed,Non-Developed,Non-High Income
Malaysia,7.029999999999999,7.029999999999999,5.918333333333333,7.029999999999999,6.045,8.2,6.654999999999999,7.154999999999999,3.91,3.5450000000000004,5.955,1.571,1.315,0.446,0.991,0.181,0.11,5.955,1.0749999999999993,1.0749999999999993,1.0749999999999993,1.0749999999999993,4.474,4.474,6.885,6.885,6.209,6.209,6.164,6.164,3.729,3.729,3.4350000000000005,3.4350000000000005,Other,Upper Middle Income,Global South,World 2,Other,Other,Non-Developed,Non-Developed,Non-High Income
Mali,6.275,6.275,5.1883333333333335,6.275,4.485,7.895,6.3,6.18,4.195,2.075,4.345,0.709,0.908,0.318,0.767,0.093,0.114,4.345,1.9300000000000008,1.9300000000000008,1.9300000000000008,1.9300000000000008,3.776,3.776,6.987,6.987,5.982,5.982,5.412999999999999,5.412999999999999,4.102,4.102,1.961,1.961,Other,Lower Middle Income,Global South,World 2,Other,Other,Non-Developed,Non-Developed,Non-High Income
Malta,7.205,7.205,6.2,7.205,6.34,8.5,6.845000000000001,7.375,4.12,4.0200000000000005,6.316,1.76,1.671,0.837,0.837,0.217,0.115,6.316,0.8890000000000002,0.8890000000000002,0.8890000000000002,0.8890000000000002,4.58,4.58,6.829,6.829,6.008000000000001,6.008000000000001,6.538,6.538,3.903,3.903,3.905,3.905,Western Europe,Upper Middle Income,Global North,World 2,West,Europe,Non-Developed,Non-Developed,Non-High Income
Mauritania,6.540000000000001,6.540000000000001,5.351666666666667,6.540000000000001,4.925,7.9,6.3950000000000005,6.38,4.035,2.475,4.542,1.023,0.919,0.516,0.454,0.113,0.195,4.542,1.998000000000001,1.998000000000001,1.998000000000001,1.998000000000001,3.902,3.902,6.981,6.981,5.879,5.879,5.926,5.926,3.922,3.922,2.28,2.28,Other,Upper Middle Income,Global South,World 2,Other,Other,Non-Developed,Non-Developed,Non-High Income
Mauritius,7.125,7.125,6.219166666666667,7.125,6.17,8.334999999999999,6.885,7.325,4.245,4.355,5.832,1.499,1.521,0.617,0.761,0.095,0.13,5.832,1.293,1.293,1.293,1.293,4.670999999999999,4.670999999999999,6.813999999999999,6.813999999999999,6.268,6.268,6.564,6.564,4.15,4.15,4.225,4.225,Africa,Upper Middle Income,Global South,World 2,Other,Africa,Non-Developed,Non-Developed,Non-High Income
Mexico,7.090000000000001,7.090000000000001,5.769166666666666,7.090000000000001,5.8100000000000005,8.43,6.83,7.255,3.76,2.53,6.979,1.435,1.504,0.55,0.879,0.057,0.118,6.979,0.1110000000000006,0.1110000000000006,0.1110000000000006,0.1110000000000006,4.375,4.375,6.926,6.926,6.28,6.28,6.376,6.376,3.703,3.703,2.4120000000000004,2.4120000000000004,North America,Upper Middle Income,Global South,World 2,West,North America,Non-Developed,Non-Developed,Non-High Income
Mongolia,6.83,6.83,5.675833333333333,6.83,5.455,8.14,6.525,7.090000000000001,3.9,2.945,5.833,1.336,1.731,0.423,0.629,0.18,0.053,5.833,0.997,0.997,0.997,0.997,4.119,4.119,6.409000000000001,6.409000000000001,6.102,6.102,6.461,6.461,3.72,3.72,2.892,2.892,East Asia,Upper Middle Income,Global South,World 2,East,Asia,Non-Developed,Non-Developed,Non-High Income
Montenegro,6.98,6.98,5.7508333333333335,6.98,5.695,8.370000000000001,6.81,7.2,3.5,2.93,5.877,1.507,1.551,0.618,0.768,0.075,0.138,5.877,1.1029999999999998,1.1029999999999998,1.1029999999999998,1.1029999999999998,4.188000000000001,4.188000000000001,6.819000000000001,6.819000000000001,6.191999999999999,6.191999999999999,6.432,6.432,3.425,3.425,2.7920000000000003,2.7920000000000003,Other,Upper Middle Income,Global South,World 2,Other,Other,Non-Developed,Non-Developed,Non-High Income
Morocco,6.76,6.76,5.5975,6.76,5.39,8.145,6.65,6.779999999999999,3.745,2.875,4.622,1.139,0.635,0.585,0.748,0.031,0.095,4.622,2.138,2.138,2.138,2.138,4.251,4.251,7.51,7.51,6.065,6.065,6.031999999999999,6.031999999999999,3.714,3.714,2.78,2.78,Africa,Lower Middle Income,Global South,World 2,Other,Africa,Non-Developed,Non-Developed,Non-High Income
Mozambique,6.49,6.49,5.275,6.49,4.635,7.935,6.409999999999999,6.74,3.665,2.265,5.19,0.559,1.131,0.124,0.813,0.127,0.173,5.19,1.2999999999999998,1.2999999999999998,1.2999999999999998,1.2999999999999998,4.076,4.076,6.803999999999999,6.803999999999999,6.286,6.286,5.9270000000000005,5.9270000000000005,3.5380000000000003,3.5380000000000003,2.092,2.092,Other,Low Income,Global South,World 3,Other,Other,Non-Developed,Non-Developed,Non-High Income
Myanmar,5.69,5.69,4.669166666666667,5.69,4.135,7.615,6.175,4.35,4.235,1.505,4.321,0.975,1.144,0.446,0.569,0.322,0.163,4.321,1.3689999999999998,1.3689999999999998,1.3689999999999998,1.3689999999999998,3.16,3.16,6.471,6.471,5.729,5.729,3.781,3.781,3.913,3.913,1.342,1.342,Other,Upper Middle Income,Global South,World 2,Other,Other,Non-Developed,Non-Developed,Non-High Income
Namibia,6.85,6.85,5.833333333333334,6.85,5.555,8.105,6.734999999999999,7.27,4.0600000000000005,3.275,4.911,1.182,1.482,0.104,0.564,0.052,0.056,4.911,1.939,1.939,1.939,1.939,4.372999999999999,4.372999999999999,6.623,6.623,6.630999999999999,6.630999999999999,6.706,6.706,4.008000000000001,4.008000000000001,3.219,3.219,Other,Upper Middle Income,Global South,World 2,Other,Other,Non-Developed,Non-Developed,Non-High Income
Nepal,6.76,6.76,5.570833333333334,6.76,5.3100000000000005,8.145,6.6,6.875,3.895000000000001,2.6,5.311,0.944,1.21,0.463,0.764,0.155,0.099,5.311,1.4489999999999998,1.4489999999999998,1.4489999999999998,1.4489999999999998,4.3660000000000005,4.3660000000000005,6.935,6.935,6.137,6.137,6.111,6.111,3.7400000000000007,3.7400000000000007,2.501,2.501,South Asia,Low Income,Global South,World 3,East,Asia,Non-Developed,Non-Developed,Non-High Income
Netherlands,7.459999999999999,7.459999999999999,7.000833333333333,7.459999999999999,6.779999999999999,8.535,7.065,7.734999999999999,4.23,7.659999999999999,7.306,1.822,1.667,0.844,0.86,0.186,0.344,7.306,0.153999999999999,0.153999999999999,0.153999999999999,0.153999999999999,4.957999999999999,4.957999999999999,6.868,6.868,6.221,6.221,6.874999999999999,6.874999999999999,4.044,4.044,7.315999999999999,7.315999999999999,Western Europe,High Income,Global North,World 1,West,Europe,Central Europe,Developed West,Social Market
New Zealand,7.359999999999999,7.359999999999999,6.901666666666666,7.359999999999999,6.265,8.57,6.99,7.555,4.535,7.495,6.952,1.698,1.712,0.815,0.861,0.167,0.429,6.952,0.4079999999999995,0.4079999999999995,0.4079999999999995,0.4079999999999995,4.567,4.567,6.8580000000000005,6.8580000000000005,6.175000000000001,6.175000000000001,6.694,6.694,4.368,4.368,7.066,7.066,Oceania,High Income,Global North,World 1,West,Oceania,Anglo-Saxon,Developed West,Market Liberal
Nicaragua,6.625,6.625,5.179166666666666,6.625,5.005,8.155,6.654999999999999,5.575,3.665,2.02,6.33,1.084,1.47,0.646,0.912,0.103,0.271,6.33,0.2949999999999999,0.2949999999999999,0.2949999999999999,0.2949999999999999,3.921,3.921,6.685,6.685,6.009,6.009,4.663,4.663,3.562,3.562,1.749,1.749,North America,Upper Middle Income,Global South,World 2,West,North America,Non-Developed,Non-Developed,Non-High Income
Niger,6.16,6.16,5.025,6.16,4.19,7.815,6.175,6.165,3.73,2.075,4.725,0.606,0.796,0.258,0.759,0.122,0.137,4.725,1.4350000000000005,1.4350000000000005,1.4350000000000005,1.4350000000000005,3.584,3.584,7.019,7.019,5.917,5.917,5.406,5.406,3.608,3.608,1.938,1.938,Other,Lower Middle Income,Global South,World 2,Other,Other,Non-Developed,Non-Developed,Non-High Income
Nigeria,6.32,6.32,5.2,6.32,4.24,7.915000000000001,6.465000000000001,6.505,4.295,1.78,4.885,0.989,1.245,0.38,0.639,0.17,0.028,4.885,1.4350000000000005,1.4350000000000005,1.4350000000000005,1.4350000000000005,3.2510000000000003,3.2510000000000003,6.670000000000001,6.670000000000001,6.085000000000001,6.085000000000001,5.866,5.866,4.125,4.125,1.752,1.752,Africa,Upper Middle Income,Global South,World 2,Other,Africa,Non-Developed,Non-Developed,Non-High Income
North Macedonia,6.845000000000001,6.845000000000001,5.575,6.845000000000001,5.43,8.25,6.69,6.995,3.64,2.445,5.503,1.458,1.537,0.544,0.637,0.13,0.007,5.503,1.3420000000000003,1.3420000000000003,1.3420000000000003,1.3420000000000003,3.972,3.972,6.713,6.713,6.146000000000001,6.146000000000001,6.3580000000000005,6.3580000000000005,3.51,3.51,2.438,2.438,Other,Upper Middle Income,Global South,World 2,Other,Other,Non-Developed,Non-Developed,Non-High Income
Norway,7.67,7.67,7.353333333333333,7.67,6.975,8.695,7.279999999999999,7.94,4.475,8.754999999999999,7.262,1.902,1.711,0.863,0.962,0.168,0.425,7.262,0.4080000000000003,0.4080000000000003,0.4080000000000003,0.4080000000000003,5.073,5.073,6.984,6.984,6.417,6.417,6.978000000000001,6.978000000000001,4.307,4.307,8.329999999999998,8.329999999999998,Western Europe,High Income,Global North,World 1,West,Europe,Nordic,Developed West,Social Market
Oman,7.275,7.275,6.726666666666667,7.275,6.62,8.504999999999999,7.015000000000001,7.25,4.7700000000000005,6.2,6.197,1.603,1.411,0.5,0.93,0.142,,6.197,1.0780000000000003,1.0780000000000003,1.0780000000000003,1.0780000000000003,5.017,5.017,7.093999999999999,7.093999999999999,6.515000000000001,6.515000000000001,6.32,6.32,4.628,4.628,,,Middle East,Upper Middle Income,Global South,World 2,East,Asia,Non-Developed,Non-Developed,Non-High Income
Pakistan,6.39,6.39,5.1875,6.39,4.425,7.955,6.305,6.21,4.220000000000001,2.01,4.768,0.982,0.759,0.417,0.529,0.136,0.046,4.768,1.622,1.622,1.622,1.622,3.443,3.443,7.196,7.196,5.888,5.888,5.681,5.681,4.0840000000000005,4.0840000000000005,1.964,1.964,South Asia,Low Income,Global South,World 3,East,Asia,Non-Developed,Non-Developed,Non-High Income
Panama,7.125,7.125,5.906666666666667,7.125,6.01,8.375,6.784999999999999,7.404999999999999,3.770000000000001,3.095,6.407,1.594,1.6,0.717,0.876,0.041,0.042,6.407,0.718,0.718,0.718,0.718,4.416,4.416,6.775,6.775,6.068,6.068,6.528999999999999,6.528999999999999,3.729000000000001,3.729000000000001,3.053,3.053,North America,Upper Middle Income,Global South,World 2,West,North America,Non-Developed,Non-Developed,Non-High Income
Paraguay,6.92,6.92,5.734166666666667,6.92,5.64,8.315000000000001,6.705,7.265000000000001,3.765,2.715,6.172,1.329,1.615,0.291,0.921,0.097,0.063,6.172,0.7480000000000002,0.7480000000000002,0.7480000000000002,0.7480000000000002,4.311,4.311,6.700000000000001,6.700000000000001,6.414,6.414,6.344,6.344,3.668,3.668,2.652,2.652,Latin America,Upper Middle Income,Global South,World 2,West,South America,Non-Developed,Non-Developed,Non-High Income
Peru,6.885,6.885,5.649166666666667,6.885,5.66,8.265,6.725,7.090000000000001,3.745,2.41,5.947,1.323,1.364,0.551,0.71,0.05,0.021,5.947,0.9379999999999996,0.9379999999999996,0.9379999999999996,0.9379999999999996,4.337,4.337,6.901000000000001,6.901000000000001,6.174,6.174,6.380000000000001,6.380000000000001,3.695,3.695,2.389,2.389,Latin America,Lower Middle Income,Global South,World 2,West,South America,Non-Developed,Non-Developed,Non-High Income
Philippines,6.95,6.95,5.769166666666666,6.95,5.71,8.295,6.7,7.18,4.085,2.645,6.107,1.177,1.385,0.315,0.966,0.075,0.11,6.107,0.843,0.843,0.843,0.843,4.533,4.533,6.91,6.91,6.385,6.385,6.214,6.214,4.01,4.01,2.535,2.535,East Asia,Lower Middle Income,Global South,World 2,East,Asia,Non-Developed,Non-Developed,Non-High Income
Poland,7.0,7.0,6.025833333333333,7.0,6.01,8.28,6.74,7.265000000000001,3.74,4.12,6.673,1.666,1.595,0.63,0.79,0.021,0.169,6.673,0.3269999999999999,0.3269999999999999,0.3269999999999999,0.3269999999999999,4.343999999999999,4.343999999999999,6.685,6.685,6.11,6.11,6.4750000000000005,6.4750000000000005,3.719,3.719,3.951,3.951,Eastern Europe,Upper Middle Income,Global North,World 2,East,Europe,Non-Developed,Non-Developed,Non-High Income
Portugal,7.084999999999999,7.084999999999999,6.093333333333333,7.084999999999999,5.93,8.48,6.875,7.275,3.76,4.24,6.013,1.646,1.56,0.822,0.879,0.04,0.034,6.013,1.0719999999999992,1.0719999999999992,1.0719999999999992,1.0719999999999992,4.284,4.284,6.92,6.92,6.053,6.053,6.396000000000001,6.396000000000001,3.72,3.72,4.206,4.206,Western Europe,Upper Middle Income,Global North,World 2,West,Europe,Non-Developed,Non-Developed,Non-High Income
Republic of Korea,6.93,6.93,6.011666666666667,6.93,6.1850000000000005,8.129999999999999,6.63,6.94,3.68,4.505,6.038,1.709,1.357,0.903,0.678,0.1,0.139,6.038,0.8919999999999995,0.8919999999999995,0.8919999999999995,0.8919999999999995,4.476000000000001,4.476000000000001,6.772999999999999,6.772999999999999,5.727,5.727,6.2620000000000005,6.2620000000000005,3.58,3.58,4.366,4.366,Other,Upper Middle Income,Global South,World 2,Other,Other,Non-Developed,Non-Developed,Non-High Income
Republic of Moldova,6.595000000000001,6.595000000000001,5.466666666666667,6.595000000000001,5.095000000000001,8.095,6.6,6.99,3.4,2.62,5.819,1.332,1.43,0.414,0.83,0.054,0.037,5.819,0.7760000000000007,0.7760000000000007,0.7760000000000007,0.7760000000000007,3.763000000000001,3.763000000000001,6.665000000000001,6.665000000000001,6.186,6.186,6.16,6.16,3.346,3.346,2.583,2.583,Other,Upper Middle Income,Global South,World 2,Other,Other,Non-Developed,Non-Developed,Non-High Income
Romania,6.945,6.945,5.6883333333333335,6.945,5.779999999999999,8.245000000000001,6.715000000000001,7.185,3.405,2.8,6.563,1.636,1.401,0.561,0.847,0.028,0.015,6.563,0.3820000000000005,0.3820000000000005,0.3820000000000005,0.3820000000000005,4.143999999999999,4.143999999999999,6.844000000000001,6.844000000000001,6.154000000000001,6.154000000000001,6.337999999999999,6.337999999999999,3.377,3.377,2.785,2.785,Eastern Europe,Upper Middle Income,Global South,World 2,East,Europe,Non-Developed,Non-Developed,Non-High Income
Russian Federation,6.5,6.5,5.089166666666666,6.5,5.195,7.99,6.51,5.555,3.095,2.19,5.945,1.63,1.549,0.47,0.702,0.095,0.125,5.945,0.5549999999999997,0.5549999999999997,0.5549999999999997,0.5549999999999997,3.5650000000000004,3.5650000000000004,6.441000000000001,6.441000000000001,6.04,6.04,4.853,4.853,3.0,3.0,2.065,2.065,Other,Upper Middle Income,Global South,World 2,Other,Other,Non-Developed,Non-Developed,Non-High Income
Saudi Arabia,7.19,7.19,6.538333333333334,7.19,6.67,8.434999999999999,6.834999999999999,7.015000000000001,4.75,5.525,6.6,1.743,1.566,0.714,0.915,0.105,0.187,6.6,0.5900000000000007,0.5900000000000007,0.5900000000000007,0.5900000000000007,4.927,4.927,6.868999999999999,6.868999999999999,6.120999999999999,6.120999999999999,6.1000000000000005,6.1000000000000005,4.645,4.645,5.338,5.338,Middle East,High Income,Global North,World 1,East,Asia,Middle East Developed,Other Developed,Resource-Based
Senegal,6.705,6.705,5.6866666666666665,6.705,5.17,8.190000000000001,6.665000000000001,6.85,4.325,2.92,4.856,0.907,0.977,0.433,0.767,0.129,0.09,4.856,1.849,1.849,1.849,1.849,4.263,4.263,7.213000000000001,7.213000000000001,6.232000000000001,6.232000000000001,6.082999999999999,6.082999999999999,4.196,4.196,2.83,2.83,Africa,Lower Middle Income,Global South,World 2,Other,Africa,Non-Developed,Non-Developed,Non-High Income
Serbia,6.805,6.805,5.520833333333333,6.805,5.37,8.27,6.659999999999999,6.925,3.59,2.31,6.606,1.489,1.62,0.545,0.767,0.131,0.107,6.606,0.1989999999999998,0.1989999999999998,0.1989999999999998,0.1989999999999998,3.881,3.881,6.65,6.65,6.114999999999999,6.114999999999999,6.158,6.158,3.459,3.459,2.203,2.203,Eastern Europe,Upper Middle Income,Global South,World 2,East,Europe,Non-Developed,Non-Developed,Non-High Income
Sierra Leone,6.225,6.225,5.174166666666666,6.225,4.24,7.82,6.1850000000000005,6.6450000000000005,4.075,2.08,2.998,0.786,0.692,0.327,0.613,0.138,0.052,2.998,3.2269999999999994,3.2269999999999994,3.2269999999999994,3.2269999999999994,3.454,3.454,7.128,7.128,5.8580000000000005,5.8580000000000005,6.032,6.032,3.937,3.937,2.028,2.028,Other,Lower Middle Income,Global South,World 2,Other,Other,Non-Developed,Non-Developed,Non-High Income
Singapore,7.290000000000001,7.290000000000001,6.965833333333333,7.290000000000001,6.695,8.425,6.94,7.255,4.2700000000000005,8.209999999999999,6.565,2.022,1.565,0.935,0.856,0.164,0.522,6.565,0.7250000000000005,0.7250000000000005,0.7250000000000005,0.7250000000000005,4.673,4.673,6.860000000000001,6.860000000000001,6.005000000000001,6.005000000000001,6.399,6.399,4.106000000000001,4.106000000000001,7.687999999999999,7.687999999999999,East Asia,High Income,Global North,World 1,East,Asia,Developed East Asia,Developed East Asia,State-Led Development
Slovakia,6.965000000000001,6.965000000000001,5.863333333333333,6.965000000000001,5.92,8.33,6.73,7.255,3.575,3.37,6.221,1.629,1.762,0.547,0.704,0.058,0.07,6.221,0.7440000000000007,0.7440000000000007,0.7440000000000007,0.7440000000000007,4.291,4.291,6.568,6.568,6.183,6.183,6.551,6.551,3.5170000000000003,3.5170000000000003,3.3000000000000003,3.3000000000000003,Eastern Europe,Upper Middle Income,Global North,World 2,East,Europe,Non-Developed,Non-Developed,Non-High Income
Slovenia,7.185,7.185,6.38,7.185,6.305,8.465,6.909999999999999,7.5,3.95,5.15,6.792,1.692,1.718,0.802,0.961,0.121,0.113,6.792,0.3929999999999998,0.3929999999999998,0.3929999999999998,0.3929999999999998,4.613,4.613,6.747,6.747,6.107999999999999,6.107999999999999,6.539,6.539,3.829,3.829,5.037,5.037,Eastern Europe,Upper Middle Income,Global North,World 2,East,Europe,Non-Developed,Non-Developed,Non-High Income
Somalia,6.12,6.12,5.255833333333333,6.12,4.44,7.885,6.165,6.220000000000001,5.055,1.77,4.347,0.535,0.877,0.046,0.916,0.206,0.192,4.347,1.7729999999999997,1.7729999999999997,1.7729999999999997,1.7729999999999997,3.905,3.905,7.008,7.008,6.119,6.119,5.304,5.304,4.848999999999999,4.848999999999999,1.578,1.578,Other,Lower Middle Income,Global South,World 2,Other,Other,Non-Developed,Non-Developed,Non-High Income
South Africa,6.659999999999999,6.659999999999999,5.5525,6.659999999999999,5.325,8.09,6.6,7.0,4.19,2.1100000000000003,5.213,1.283,1.465,0.142,0.676,0.064,0.043,5.213,1.4469999999999992,1.4469999999999992,1.4469999999999992,1.4469999999999992,4.042,4.042,6.625,6.625,6.457999999999999,6.457999999999999,6.324,6.324,4.126,4.126,2.067,2.067,Africa,Upper Middle Income,Global South,World 2,Other,Africa,Non-Developed,Non-Developed,Non-High Income
Spain,7.19,7.19,6.101666666666667,7.19,6.14,8.465,6.95,7.26,3.805,3.99,6.466,1.69,1.685,0.894,0.734,0.112,0.18,6.466,0.7240000000000002,0.7240000000000002,0.7240000000000002,0.7240000000000002,4.449999999999999,4.449999999999999,6.779999999999999,6.779999999999999,6.056,6.056,6.526,6.526,3.693,3.693,3.81,3.81,Western Europe,Upper Middle Income,Global North,World 2,West,Europe,Non-Developed,Non-Developed,Non-High Income
Sri Lanka,6.540000000000001,6.540000000000001,5.325,6.540000000000001,4.6450000000000005,8.0,6.56,6.7,3.81,2.2350000000000003,3.891,1.271,1.308,0.567,0.696,0.121,0.025,3.891,2.649000000000001,2.649000000000001,2.649000000000001,2.649000000000001,3.374000000000001,3.374000000000001,6.692,6.692,5.992999999999999,5.992999999999999,6.004,6.004,3.689,3.689,2.2100000000000004,2.2100000000000004,South Asia,Upper Middle Income,Global South,World 2,East,Asia,Non-Developed,Non-Developed,Non-High Income
State of Palestine,4.93,4.93,4.648333333333333,4.93,3.425,7.904999999999999,5.87,3.785,4.775,2.13,4.78,1.047,1.456,,0.618,0.055,0.081,4.78,0.1499999999999994,0.1499999999999994,0.1499999999999994,0.1499999999999994,2.378,2.378,6.449,6.449,,,3.1670000000000003,3.1670000000000003,4.720000000000001,4.720000000000001,2.049,2.049,Other,Upper Middle Income,Global South,World 2,Other,Other,Non-Developed,Non-Developed,Non-High Income
Sweden,7.464999999999999,7.464999999999999,7.1375,7.464999999999999,6.675,8.66,7.055,7.75,4.365,8.32,7.345,1.783,1.698,0.889,0.952,0.17,0.467,7.345,0.1199999999999992,0.1199999999999992,0.1199999999999992,0.1199999999999992,4.892,4.892,6.962,6.962,6.166,6.166,6.798,6.798,4.195,4.195,7.853000000000001,7.853000000000001,Western Europe,High Income,Global North,World 1,West,Europe,Nordic,Developed West,Social Market
Switzerland,7.565,7.565,7.249166666666666,7.565,7.090000000000001,8.584999999999999,7.185,7.834999999999999,4.529999999999999,8.27,6.935,1.87,1.622,0.883,0.889,0.156,0.468,6.935,0.6300000000000008,0.6300000000000008,0.6300000000000008,0.6300000000000008,5.220000000000001,5.220000000000001,6.962999999999999,6.962999999999999,6.302,6.302,6.945999999999999,6.945999999999999,4.374,4.374,7.802,7.802,Western Europe,High Income,Global North,World 1,West,Europe,Central Europe,Developed West,Social Market
Taiwan Province of China,7.19,7.19,6.5175,7.19,6.365,8.405,6.81,7.390000000000001,4.005,6.13,6.669,1.73,1.583,0.817,0.76,0.057,0.187,6.669,0.5210000000000008,0.5210000000000008,0.5210000000000008,0.5210000000000008,4.635,4.635,6.821999999999999,6.821999999999999,5.992999999999999,5.992999999999999,6.630000000000001,6.630000000000001,3.948,3.948,5.943,5.943,Other,Upper Middle Income,Global South,World 2,Other,Other,Non-Developed,Non-Developed,Non-High Income
Tajikistan,6.525,6.525,5.2225,6.525,4.85,8.025,6.45,6.11,3.64,2.26,5.411,0.914,1.555,0.658,,0.085,0.342,5.411,1.1140000000000008,1.1140000000000008,1.1140000000000008,1.1140000000000008,3.936,3.936,6.470000000000001,6.470000000000001,5.792,5.792,,,3.555,3.555,1.918,1.918,Other,Lower Middle Income,Global South,World 2,Other,Other,Non-Developed,Non-Developed,Non-High Income
Tanzania,6.734999999999999,6.734999999999999,5.665,6.734999999999999,5.345000000000001,8.045,6.65,6.909999999999999,4.175,2.865,3.8,0.847,0.908,0.411,0.858,0.153,0.243,3.8,2.935,2.935,2.935,2.935,4.498000000000001,4.498000000000001,7.137,7.137,6.239000000000001,6.239000000000001,6.052,6.052,4.022,4.022,2.622,2.622,Other,Low Income,Global South,World 3,Other,Other,Non-Developed,Non-Developed,Non-High Income
Thailand,6.970000000000001,6.970000000000001,5.8741666666666665,6.970000000000001,5.965,8.25,6.734999999999999,7.06,4.105,3.13,6.222,1.426,1.551,0.633,0.927,0.223,0.039,6.222,0.7480000000000002,0.7480000000000002,0.7480000000000002,0.7480000000000002,4.539,4.539,6.699,6.699,6.101999999999999,6.101999999999999,6.132999999999999,6.132999999999999,3.882,3.882,3.091,3.091,East Asia,Upper Middle Income,Global South,World 2,East,Asia,Non-Developed,Non-Developed,Non-High Income
Togo,6.415000000000001,6.415000000000001,5.3125,6.415000000000001,4.6450000000000005,7.859999999999999,6.409999999999999,6.505,4.025,2.43,4.315,0.757,0.736,0.378,0.576,0.097,0.153,4.315,2.1000000000000005,2.1000000000000005,2.1000000000000005,2.1000000000000005,3.888,3.888,7.124,7.124,6.031999999999999,6.031999999999999,5.929,5.929,3.928,3.928,2.277,2.277,Other,Lower Middle Income,Global South,World 2,Other,Other,Non-Developed,Non-Developed,Non-High Income
Trinidad and Tobago,7.05,7.05,5.894166666666667,7.05,5.95,8.3,6.81,7.32,4.1450000000000005,2.84,5.905,1.549,1.532,0.419,0.76,0.111,0.001,5.905,1.1449999999999996,1.1449999999999996,1.1449999999999996,1.1449999999999996,4.401,4.401,6.768000000000001,6.768000000000001,6.391,6.391,6.5600000000000005,6.5600000000000005,4.034000000000001,4.034000000000001,2.839,2.839,Other,Upper Middle Income,Global South,World 2,Other,Other,Non-Developed,Non-Developed,Non-High Income
Tunisia,6.415000000000001,6.415000000000001,5.081666666666666,6.415000000000001,4.485,7.979999999999999,6.39,6.105,3.3200000000000003,2.21,4.552,1.257,1.224,0.459,0.382,0.032,0.05,4.552,1.863000000000001,1.863000000000001,1.863000000000001,1.863000000000001,3.2280000000000006,3.2280000000000006,6.755999999999999,6.755999999999999,5.931,5.931,5.723,5.723,3.2880000000000003,3.2880000000000003,2.16,2.16,Africa,Lower Middle Income,Global South,World 2,Other,Africa,Non-Developed,Non-Developed,Non-High Income
Türkiye,6.455,6.455,5.131666666666667,6.455,4.21,8.115,6.49,6.1850000000000005,3.585,2.205,5.262,1.582,1.444,0.626,0.244,0.04,0.104,5.262,1.1930000000000005,1.1930000000000005,1.1930000000000005,1.1930000000000005,2.628,2.628,6.671,6.671,5.864,5.864,5.941000000000001,5.941000000000001,3.545,3.545,2.101,2.101,Other,Upper Middle Income,Global South,World 2,Other,Other,Non-Developed,Non-Developed,Non-High Income
Uganda,6.575,6.575,5.449166666666667,6.575,4.85,8.015,6.465000000000001,6.779999999999999,4.36,2.225,4.461,0.762,1.342,0.396,0.751,0.148,0.05,4.461,2.114,2.114,2.114,2.114,4.087999999999999,4.087999999999999,6.673,6.673,6.069000000000001,6.069000000000001,6.028999999999999,6.028999999999999,4.212000000000001,4.212000000000001,2.1750000000000003,2.1750000000000003,Other,Lower Middle Income,Global South,World 2,Other,Other,Non-Developed,Non-Developed,Non-High Income
Ukraine,6.13,6.13,5.424166666666666,6.13,4.585,8.07,6.21,6.445,4.84,2.395,4.68,1.328,1.472,0.472,0.689,0.245,0.023,4.68,1.4500000000000002,1.4500000000000002,1.4500000000000002,1.4500000000000002,3.257,3.257,6.598000000000001,6.598000000000001,5.738,5.738,5.756,5.756,4.595,4.595,2.372,2.372,Eastern Europe,Lower Middle Income,Global South,World 2,East,Europe,Non-Developed,Non-Developed,Non-High Income
United Arab Emirates,7.565,7.565,7.2425,7.565,7.4,8.635,7.12,7.729999999999999,5.32,7.25,6.759,1.812,1.294,0.659,0.934,0.165,0.235,6.759,0.806,0.806,0.806,0.806,5.588,5.588,7.340999999999999,7.340999999999999,6.461,6.461,6.795999999999999,6.795999999999999,5.155,5.155,7.015,7.015,Middle East,High Income,Global North,World 1,East,Asia,Middle East Developed,Other Developed,Resource-Based
United Kingdom,7.084999999999999,7.084999999999999,6.2,7.084999999999999,6.025,8.325,6.795,7.359999999999999,4.35,4.345000000000001,6.728,1.725,1.562,0.779,0.872,0.211,0.318,6.728,0.3569999999999993,0.3569999999999993,0.3569999999999993,0.3569999999999993,4.300000000000001,4.300000000000001,6.762999999999999,6.762999999999999,6.016,6.016,6.488,6.488,4.138999999999999,4.138999999999999,4.027000000000001,4.027000000000001,Western Europe,Upper Middle Income,Global North,World 2,West,Europe,Non-Developed,Non-Developed,Non-High Income
United States,7.154999999999999,7.154999999999999,6.115,7.154999999999999,6.205,8.39,6.855,7.534999999999999,4.43,3.275,6.724,1.839,1.614,0.604,0.644,0.171,0.161,6.724,0.4309999999999991,0.4309999999999991,0.4309999999999991,0.4309999999999991,4.366,4.366,6.776000000000001,6.776000000000001,6.251,6.251,6.890999999999999,6.890999999999999,4.259,4.259,3.114,3.114,North America,High Income,Global North,World 1,West,North America,Anglo-Saxon,Developed West,Market Liberal
Uruguay,7.229999999999999,7.229999999999999,6.638333333333333,7.229999999999999,6.1850000000000005,8.51,6.959999999999999,7.540000000000001,3.89,6.745,6.661,1.554,1.654,0.523,0.913,0.078,0.197,6.661,0.569,0.569,0.569,0.569,4.631,4.631,6.856,6.856,6.436999999999999,6.436999999999999,6.627000000000001,6.627000000000001,3.812,3.812,6.548,6.548,Latin America,Upper Middle Income,Global South,World 2,West,South America,Non-Developed,Non-Developed,Non-High Income
Uzbekistan,6.779999999999999,6.779999999999999,5.568333333333333,6.779999999999999,5.6,8.155,6.605,6.49,3.815,2.745,6.193,1.179,1.615,0.654,0.977,0.195,0.208,6.193,0.5869999999999997,0.5869999999999997,0.5869999999999997,0.5869999999999997,4.420999999999999,4.420999999999999,6.539999999999999,6.539999999999999,5.951,5.951,5.513,5.513,3.62,3.62,2.537,2.537,Other,Upper Middle Income,Global South,World 2,Other,Other,Non-Developed,Non-Developed,Non-High Income
Venezuela,6.195,6.195,4.8341666666666665,6.195,3.755,8.0,6.48,5.87,3.59,1.31,5.683,0.0,1.493,0.515,0.702,0.154,0.117,5.683,0.5120000000000005,0.5120000000000005,0.5120000000000005,0.5120000000000005,3.755,3.755,6.507,6.507,5.965,5.965,5.168,5.168,3.436,3.436,1.193,1.193,Latin America,Low Income,Global South,World 3,West,South America,Non-Developed,Non-Developed,Non-High Income
Viet Nam,7.015000000000001,7.015000000000001,5.8533333333333335,7.015000000000001,6.1,8.190000000000001,6.715000000000001,6.959999999999999,3.89,3.265,6.352,1.278,1.533,0.631,1.012,0.039,0.174,6.352,0.6630000000000003,0.6630000000000003,0.6630000000000003,0.6630000000000003,4.821999999999999,4.821999999999999,6.657000000000002,6.657000000000002,6.0840000000000005,6.0840000000000005,5.947999999999999,5.947999999999999,3.851,3.851,3.091,3.091,Other,Upper Middle Income,Global South,World 2,Other,Other,Non-Developed,Non-Developed,Non-High Income
Yemen,5.215,5.215,4.503333333333333,5.215,3.2,7.540000000000001,5.8100000000000005,4.99,4.075,1.405,3.561,0.631,1.482,0.375,0.447,0.066,0.106,3.561,1.654,1.654,1.654,1.654,2.569,2.569,6.058000000000001,6.058000000000001,5.4350000000000005,5.4350000000000005,4.543,4.543,4.009,4.009,1.299,1.299,Middle East,Low Income,Global South,World 3,East,Asia,Non-Developed,Non-Developed,Non-High Income
Zambia,6.565,6.565,5.501666666666667,6.565,4.825,7.975,6.459999999999999,6.959999999999999,4.29,2.5,3.912,0.848,1.013,0.233,0.872,0.131,0.107,3.912,2.6530000000000005,2.6530000000000005,2.6530000000000005,2.6530000000000005,3.977,3.977,6.962,6.962,6.226999999999999,6.226999999999999,6.087999999999999,6.087999999999999,4.159,4.159,2.393,2.393,Other,Lower Middle Income,Global South,World 2,Other,Other,Non-Developed,Non-Developed,Non-High Income
Zimbabwe,6.13,6.13,4.990833333333333,6.13,3.815,7.82,6.38,6.18,4.075,1.675,3.396,0.827,0.961,0.178,0.598,0.065,0.131,3.396,2.734,2.734,2.734,2.734,2.988,2.988,6.859,6.859,6.202,6.202,5.582,5.582,4.01,4.01,1.544,1.544,Other,Lower Middle Income,Global South,World 2,Other,Other,Non-Developed,Non-Developed,Non-High Income
